#pragma once
#include <Arduino.h>
static const uint16_t SELF_LOGO_W = 112;
static const uint16_t SELF_LOGO_H = 112;
static const uint16_t SELF_LOGO[112*112] PROGMEM = {
  0x0862, 0x0862, 0x0862, 0x0862, 0x0862, 0x0862, 0x0862, 0x0862, 0x0862, 0x0862, 0x0862, 0x0862,
  0x0862, 0x0862, 0x0862, 0x0862, 0x0862, 0x0862, 0x0862, 0x0862, 0x0862, 0x0862, 0x0862, 0x0862,
  0x0862, 0x0862, 0x0862, 0x0862, 0x0862, 0x0862, 0x0862, 0x0862, 0x0862, 0x0862, 0x0862, 0x0862,
  0x0862, 0x0862, 0x0862, 0x0862, 0x0862, 0x0862, 0x0862, 0x0862, 0x0862, 0x0862, 0x0862, 0x0862,
  0x0862, 0x0862, 0x0862, 0x0862, 0x0862, 0x0862, 0x0862, 0x0862, 0x0862, 0x0862, 0x0862, 0x0862,
  0x0862, 0x0862, 0x0862, 0x0862, 0x0862, 0x0862, 0x0862, 0x0862, 0x0862, 0x0862, 0x0862, 0x0862,
  0x0862, 0x0862, 0x0862, 0x0862, 0x0862, 0x0862, 0x0862, 0x0862, 0x0862, 0x0862, 0x0862, 0x0862,
  0x0862, 0x0862, 0x0862, 0x0862, 0x0862, 0x0862, 0x0862, 0x0862, 0x0862, 0x0862, 0x0862, 0x0862,
  0x0862, 0x0862, 0x0862, 0x0862, 0x0862, 0x0862, 0x0862, 0x0862, 0x0862, 0x0862, 0x0862, 0x0862,
  0x0862, 0x0862, 0x0862, 0x0862, 0x0862, 0x0862, 0x0862, 0x0862, 0x0862, 0x0862, 0x0862, 0x0862,
  0x0862, 0x0862, 0x0862, 0x0862, 0x0862, 0x0862, 0x0862, 0x0862, 0x0862, 0x0862, 0x0862, 0x0862,
  0x0862, 0x0862, 0x0862, 0x0862, 0x0862, 0x0862, 0x0862, 0x0862, 0x0862, 0x0862, 0x0862, 0x0862,
  0x0862, 0x0862, 0x0862, 0x0862, 0x0862, 0x0862, 0x0862, 0x0862, 0x0862, 0x0862, 0x0862, 0x0862,
  0x0862, 0x0862, 0x0862, 0x0862, 0x0862, 0x0862, 0x0862, 0x0862, 0x0862, 0x0862, 0x0862, 0x0862,
  0x0862, 0x0862, 0x0862, 0x0862, 0x0862, 0x0862, 0x0862, 0x0862, 0x0862, 0x0862, 0x0862, 0x0862,
  0x0862, 0x0862, 0x0862, 0x0862, 0x0862, 0x0862, 0x0862, 0x0862, 0x0862, 0x0862, 0x0862, 0x0862,
  0x0862, 0x0862, 0x0862, 0x0862, 0x0862, 0x0862, 0x0862, 0x0862, 0x0862, 0x0862, 0x0862, 0x0862,
  0x0862, 0x0862, 0x0862, 0x0862, 0x0862, 0x0862, 0x0862, 0x0862, 0x0862, 0x0862, 0x0862, 0x0862,
  0x0862, 0x0862, 0x0862, 0x0862, 0x0862, 0x0862, 0x0862, 0x0862, 0x0862, 0x0862, 0x0862, 0x0862,
  0x0862, 0x0862, 0x0862, 0x0862, 0x0862, 0x0862, 0x0862, 0x0862, 0x0862, 0x0862, 0x0862, 0x0862,
  0x0862, 0x0862, 0x0862, 0x0862, 0x0862, 0x0862, 0x0862, 0x0862, 0x0862, 0x0862, 0x0862, 0x0862,
  0x0862, 0x0862, 0x0862, 0x0862, 0x0862, 0x0862, 0x0862, 0x0862, 0x0862, 0x0862, 0x0862, 0x0862,
  0x0862, 0x0862, 0x0862, 0x0862, 0x0862, 0x0862, 0x0862, 0x0862, 0x0862, 0x0862, 0x0862, 0x0862,
  0x0862, 0x0862, 0x0862, 0x0862, 0x0862, 0x0862, 0x0862, 0x0862, 0x0862, 0x0862, 0x0862, 0x0862,
  0x0862, 0x0862, 0x0862, 0x0862, 0x0862, 0x0862, 0x0862, 0x0862, 0x0862, 0x0862, 0x0862, 0x0862,
  0x0862, 0x0862, 0x0862, 0x0862, 0x0862, 0x0862, 0x0862, 0x0862, 0x0862, 0x0862, 0x0862, 0x0862,
  0x0862, 0x0862, 0x0862, 0x0862, 0x0862, 0x0862, 0x0862, 0x0862, 0x0862, 0x0862, 0x0862, 0x0862,
  0x0862, 0x0862, 0x0862, 0x0862, 0x0862, 0x0862, 0x0862, 0x0862, 0x0862, 0x0862, 0x0862, 0x0862,
  0x0862, 0x0862, 0x0862, 0x0862, 0x0862, 0x0862, 0x0862, 0x0862, 0x0862, 0x0862, 0x0862, 0x0862,
  0x0862, 0x0862, 0x0862, 0x0862, 0x0862, 0x0862, 0x0862, 0x0862, 0x0862, 0x0862, 0x0862, 0x0862,
  0x0862, 0x0862, 0x0862, 0x0862, 0x0862, 0x0862, 0x0862, 0x0862, 0x0862, 0x0862, 0x0862, 0x0862,
  0x0862, 0x0862, 0x0862, 0x0862, 0x0862, 0x0862, 0x0862, 0x0862, 0x0862, 0x0862, 0x0862, 0x0862,
  0x0862, 0x0862, 0x0862, 0x0862, 0x0862, 0x0862, 0x0862, 0x0862, 0x0862, 0x0862, 0x0862, 0x0862,
  0x0862, 0x0862, 0x0862, 0x0862, 0x0862, 0x0862, 0x0862, 0x0862, 0x0862, 0x0862, 0x0862, 0x0862,
  0x0862, 0x0862, 0x0862, 0x0862, 0x0862, 0x0862, 0x0862, 0x0862, 0x0862, 0x0862, 0x0862, 0x0862,
  0x0862, 0x0862, 0x0862, 0x0862, 0x0862, 0x0862, 0x0862, 0x0862, 0x0862, 0x0862, 0x0862, 0x0862,
  0x0862, 0x0862, 0x0862, 0x0862, 0x0862, 0x0862, 0x0862, 0x0862, 0x0862, 0x0862, 0x0862, 0x0862,
  0x0862, 0x0862, 0x0862, 0x0862, 0x0862, 0x0862, 0x0862, 0x0862, 0x0862, 0x0862, 0x0862, 0x0862,
  0x0862, 0x0862, 0x0862, 0x0862, 0x0862, 0x0862, 0x0862, 0x0862, 0x0862, 0x0862, 0x0862, 0x0862,
  0x0862, 0x0862, 0x0862, 0x0862, 0x0862, 0x0862, 0x0862, 0x0862, 0x0862, 0x0862, 0x0862, 0x0862,
  0x0862, 0x0862, 0x0862, 0x0862, 0x0862, 0x0862, 0x0862, 0x0862, 0x0862, 0x0862, 0x0862, 0x0862,
  0x0862, 0x0862, 0x0862, 0x0862, 0x0862, 0x0862, 0x0862, 0x0862, 0x0862, 0x0862, 0x0862, 0x0862,
  0x0862, 0x0862, 0x0862, 0x0862, 0x0862, 0x0862, 0x0862, 0x0862, 0x0862, 0x0862, 0x0862, 0x0862,
  0x0862, 0x0862, 0x0862, 0x0862, 0x0862, 0x0862, 0x0862, 0x0862, 0x0862, 0x0862, 0x0862, 0x0862,
  0x0862, 0x0862, 0x0862, 0x0862, 0x0862, 0x0862, 0x0862, 0x0862, 0x0862, 0x0862, 0x0862, 0x0862,
  0x0862, 0x0862, 0x0862, 0x0862, 0x0862, 0x0862, 0x0862, 0x0862, 0x0862, 0x0862, 0x0862, 0x0862,
  0x0862, 0x0862, 0x0862, 0x0862, 0x0862, 0x0862, 0x0862, 0x0862, 0x0862, 0x0862, 0x0862, 0x0862,
  0x0862, 0x0862, 0x0862, 0x0862, 0x0862, 0x0862, 0x0862, 0x0862, 0x0862, 0x0862, 0x0862, 0x0862,
  0x0862, 0x0862, 0x0862, 0x0862, 0x0862, 0x0862, 0x0862, 0x0862, 0x0862, 0x0862, 0x0862, 0x0862,
  0x0862, 0x0862, 0x0862, 0x0862, 0x0862, 0x0862, 0x0862, 0x0862, 0x0862, 0x0862, 0x0862, 0x0862,
  0x0862, 0x0862, 0x0862, 0x0862, 0x0862, 0x0862, 0x0862, 0x0862, 0x0862, 0x0862, 0x0862, 0x0862,
  0x0862, 0x0862, 0x0862, 0x0862, 0x0862, 0x0862, 0x0862, 0x0862, 0x0862, 0x0862, 0x0862, 0x0862,
  0x0862, 0x0862, 0x0862, 0x0862, 0x0862, 0x0862, 0x0862, 0x0862, 0x0862, 0x0862, 0x0862, 0x0862,
  0x0862, 0x0862, 0x0862, 0x0862, 0x0862, 0x0862, 0x0862, 0x0862, 0x0862, 0x0862, 0x0862, 0x0862,
  0x0862, 0x0862, 0x0862, 0x0862, 0x0862, 0x0862, 0x0862, 0x0862, 0x0862, 0x0862, 0x0862, 0x0862,
  0x0862, 0x0862, 0x0862, 0x0862, 0x0862, 0x0862, 0x0862, 0x0862, 0x0862, 0x0862, 0x0862, 0x0862,
  0x0862, 0x0862, 0x0862, 0x0862, 0x0862, 0x0862, 0x0862, 0x0862, 0x0862, 0x0862, 0x0862, 0x0862,
  0x0862, 0x0862, 0x0862, 0x0862, 0x0862, 0x0862, 0x0862, 0x0862, 0x0862, 0x0862, 0x0862, 0x0862,
  0x0862, 0x0862, 0x0862, 0x0862, 0x0862, 0x0862, 0x0862, 0x0862, 0x0862, 0x0862, 0x0862, 0x0862,
  0x0862, 0x0862, 0x0862, 0x0862, 0x0862, 0x0862, 0x0862, 0x0862, 0x0862, 0x0862, 0x0862, 0x0862,
  0x0862, 0x0862, 0x0862, 0x0862, 0x0862, 0x0862, 0x0862, 0x0862, 0x0862, 0x0862, 0x0862, 0x0862,
  0x0862, 0x0862, 0x0862, 0x0862, 0x0862, 0x0862, 0x0862, 0x0862, 0x0862, 0x0862, 0x0862, 0x0862,
  0x0862, 0x0862, 0x0862, 0x0862, 0x0862, 0x0862, 0x0862, 0x0862, 0x0862, 0x0862, 0x0862, 0x0862,
  0x0862, 0x0862, 0x0862, 0x0862, 0x0862, 0x0862, 0x0862, 0x0862, 0x0862, 0x0862, 0x0862, 0x0862,
  0x0862, 0x0862, 0x0862, 0x0862, 0x0862, 0x0862, 0x0862, 0x0862, 0x0862, 0x0862, 0x0862, 0x0862,
  0x0862, 0x0862, 0x0862, 0x0862, 0x0862, 0x0862, 0x0862, 0x0862, 0x0862, 0x0862, 0x0862, 0x0862,
  0x0862, 0x0862, 0x0862, 0x0862, 0x0862, 0x0862, 0x0862, 0x0862, 0x0862, 0x0862, 0x0862, 0x0862,
  0x0862, 0x0862, 0x0862, 0x0862, 0x0862, 0x0862, 0x0862, 0x0862, 0x0862, 0x0862, 0x0862, 0x0862,
  0x0862, 0x0862, 0x0862, 0x0862, 0x0862, 0x0862, 0x0862, 0x0862, 0x0862, 0x0862, 0x0862, 0x0862,
  0x0862, 0x0862, 0x0862, 0x0862, 0x0862, 0x0862, 0x0862, 0x0862, 0x0862, 0x0862, 0x0862, 0x0862,
  0x0862, 0x0862, 0x0862, 0x0862, 0x0862, 0x0862, 0x0862, 0x0862, 0x0862, 0x0862, 0x0862, 0x0862,
  0x0862, 0x0862, 0x0862, 0x0862, 0x0862, 0x0862, 0x0862, 0x0862, 0x0862, 0x0862, 0x0862, 0x0862,
  0x0862, 0x0862, 0x0862, 0x0862, 0x0862, 0x0862, 0x0862, 0x0862, 0x0862, 0x0862, 0x0862, 0x0862,
  0x0862, 0x0862, 0x0862, 0x0862, 0x0862, 0x0862, 0x0862, 0x0862, 0x0862, 0x0862, 0x0862, 0x0862,
  0x0862, 0x0862, 0x0862, 0x0862, 0x0862, 0x0862, 0x0862, 0x0862, 0x0862, 0x0862, 0x0862, 0x0862,
  0x0862, 0x0862, 0x0862, 0x0862, 0x0862, 0x0862, 0x0862, 0x0862, 0x0862, 0x0862, 0x0862, 0x0862,
  0x0862, 0x0862, 0x0862, 0x0862, 0x0862, 0x0862, 0x0862, 0x0862, 0x0862, 0x0862, 0x0862, 0x0862,
  0x0862, 0x0862, 0x0862, 0x0862, 0x0862, 0x0862, 0x0862, 0x0862, 0x0862, 0x0862, 0x0862, 0x0862,
  0x0862, 0x0862, 0x0862, 0x0862, 0x0862, 0x0862, 0x0862, 0x0862, 0x0862, 0x0862, 0x0862, 0x0862,
  0x0862, 0x0862, 0x0862, 0x0862, 0x0862, 0x0862, 0x0862, 0x0862, 0x0862, 0x0862, 0x0862, 0x0862,
  0x0862, 0x0862, 0x0862, 0x0862, 0x0862, 0x0862, 0x0862, 0x0862, 0x0862, 0x0862, 0x0862, 0x0862,
  0x0862, 0x0862, 0x0862, 0x0862, 0x0862, 0x0862, 0x0862, 0x0862, 0x0862, 0x0862, 0x0862, 0x0862,
  0x0862, 0x0862, 0x0862, 0x0862, 0x0862, 0x0862, 0x0862, 0x0862, 0x0862, 0x0862, 0x0862, 0x0862,
  0x0862, 0x0862, 0x0862, 0x0862, 0x0862, 0x0862, 0x0862, 0x0862, 0x0862, 0x0862, 0x0862, 0x0862,
  0x0862, 0x0862, 0x0862, 0x0862, 0x0862, 0x0862, 0x0862, 0x0862, 0x0862, 0x0862, 0x0862, 0x0862,
  0x0862, 0x0862, 0x0862, 0x0862, 0x0862, 0x0862, 0x0862, 0x0862, 0x0862, 0x0862, 0x0862, 0x0862,
  0x0862, 0x0862, 0x0862, 0x0862, 0x0862, 0x0862, 0x0862, 0x0862, 0x0862, 0x0862, 0x0862, 0x0862,
  0x0862, 0x0862, 0x0862, 0x0862, 0x0862, 0x0862, 0x0862, 0x0862, 0x0862, 0x0862, 0x0862, 0x0862,
  0x0862, 0x0862, 0x0862, 0x0862, 0x0862, 0x0862, 0x0862, 0x0862, 0x0862, 0x0862, 0x0862, 0x0862,
  0x0862, 0x0862, 0x0862, 0x0862, 0x0862, 0x0862, 0x0862, 0x0862, 0x0862, 0x0862, 0x0862, 0x0862,
  0x0862, 0x0862, 0x0862, 0x0862, 0x0862, 0x0862, 0x0862, 0x0862, 0x0862, 0x0862, 0x0862, 0x0862,
  0x0862, 0x0862, 0x0862, 0x0862, 0x0862, 0x0862, 0x0862, 0x0862, 0x0862, 0x0862, 0x0862, 0x0862,
  0x0862, 0x0862, 0x0862, 0x0862, 0x0862, 0x0862, 0x0862, 0x0862, 0x0862, 0x0862, 0x0862, 0x0862,
  0x0862, 0x0862, 0x0862, 0x0862, 0x0862, 0x0862, 0x0862, 0x0862, 0x0862, 0x0862, 0x0862, 0x0862,
  0x0862, 0x0862, 0x0862, 0x0862, 0x0862, 0x0862, 0x0862, 0x0862, 0x0862, 0x0862, 0x0862, 0x0862,
  0x0862, 0x0862, 0x0862, 0x0862, 0x0862, 0x0862, 0x0862, 0x0862, 0x0862, 0x0862, 0x0862, 0x0862,
  0x0862, 0x0862, 0x0862, 0x0862, 0x0862, 0x0862, 0x0862, 0x0862, 0x0862, 0x0862, 0x0862, 0x0862,
  0x0862, 0x0862, 0x0862, 0x0862, 0x0862, 0x0882, 0x0882, 0x0882, 0x0882, 0x0882, 0x0882, 0x0882,
  0x0882, 0x0882, 0x0882, 0x0882, 0x0882, 0x0882, 0x0862, 0x0862, 0x0862, 0x0862, 0x0862, 0x0862,
  0x0862, 0x0862, 0x0862, 0x0862, 0x0862, 0x0862, 0x0862, 0x0862, 0x0862, 0x0862, 0x0862, 0x0862,
  0x0862, 0x0862, 0x0862, 0x0862, 0x0862, 0x0862, 0x0862, 0x0862, 0x0862, 0x0862, 0x0862, 0x0862,
  0x0862, 0x0862, 0x0862, 0x0862, 0x0862, 0x0862, 0x0862, 0x0862, 0x0862, 0x0862, 0x0862, 0x0862,
  0x0862, 0x0862, 0x0862, 0x0862, 0x0862, 0x0862, 0x0862, 0x0862, 0x0862, 0x0862, 0x0862, 0x0862,
  0x0862, 0x0862, 0x0862, 0x0862, 0x0862, 0x0862, 0x0862, 0x0862, 0x0862, 0x0862, 0x0862, 0x0862,
  0x0862, 0x0862, 0x0862, 0x0862, 0x0862, 0x0862, 0x0862, 0x0862, 0x0862, 0x0862, 0x0862, 0x0862,
  0x0862, 0x0862, 0x0862, 0x0862, 0x0862, 0x0862, 0x0862, 0x0862, 0x0862, 0x0862, 0x0862, 0x0862,
  0x0862, 0x0862, 0x0862, 0x0862, 0x0862, 0x0882, 0x0882, 0x0882, 0x0882, 0x0882, 0x0882, 0x0882,
  0x0882, 0x0882, 0x0882, 0x0882, 0x0882, 0x0882, 0x0882, 0x0882, 0x0882, 0x0882, 0x0882, 0x0882,
  0x0882, 0x0882, 0x0882, 0x0862, 0x0862, 0x0862, 0x0862, 0x0862, 0x0862, 0x0862, 0x0862, 0x0862,
  0x0862, 0x0862, 0x0862, 0x0862, 0x0862, 0x0862, 0x0862, 0x0862, 0x0862, 0x0862, 0x0862, 0x0862,
  0x0862, 0x0862, 0x0862, 0x0862, 0x0862, 0x0862, 0x0862, 0x0862, 0x0862, 0x0862, 0x0862, 0x0862,
  0x0862, 0x0862, 0x0862, 0x0862, 0x0862, 0x0862, 0x0862, 0x0862, 0x0862, 0x0862, 0x0862, 0x0862,
  0x0862, 0x0862, 0x0862, 0x0862, 0x0862, 0x0862, 0x0862, 0x0862, 0x0862, 0x0862, 0x0862, 0x0862,
  0x0862, 0x0862, 0x0862, 0x0862, 0x0862, 0x0862, 0x0862, 0x0862, 0x0862, 0x0862, 0x0862, 0x0862,
  0x0862, 0x0862, 0x0862, 0x0862, 0x0862, 0x0862, 0x0862, 0x0862, 0x0862, 0x0862, 0x0862, 0x0862,
  0x0862, 0x0862, 0x0862, 0x0862, 0x0862, 0x0882, 0x0882, 0x0882, 0x0882, 0x0882, 0x0882, 0x0882,
  0x0882, 0x0882, 0x0882, 0x0882, 0x0882, 0x0882, 0x0882, 0x0882, 0x0882, 0x0882, 0x0882, 0x0882,
  0x0882, 0x0882, 0x0882, 0x0882, 0x0882, 0x0882, 0x0882, 0x0882, 0x0882, 0x0882, 0x0882, 0x0862,
  0x0862, 0x0862, 0x0862, 0x0862, 0x0862, 0x0862, 0x0862, 0x0862, 0x0862, 0x0862, 0x0862, 0x0862,
  0x0862, 0x0862, 0x0862, 0x0862, 0x0862, 0x0862, 0x0862, 0x0862, 0x0862, 0x0862, 0x0862, 0x0862,
  0x0862, 0x0862, 0x0862, 0x0862, 0x0862, 0x0862, 0x0862, 0x0862, 0x0862, 0x0862, 0x0862, 0x0862,
  0x0862, 0x0862, 0x0862, 0x0862, 0x0862, 0x0862, 0x0862, 0x0862, 0x0862, 0x0862, 0x0862, 0x0862,
  0x0862, 0x0862, 0x0862, 0x0862, 0x0862, 0x0862, 0x0862, 0x0862, 0x0862, 0x0862, 0x0862, 0x0862,
  0x0862, 0x0862, 0x0862, 0x0862, 0x0862, 0x0862, 0x0862, 0x0862, 0x0862, 0x0862, 0x0862, 0x0862,
  0x0862, 0x0862, 0x0862, 0x0862, 0x0862, 0x0862, 0x0862, 0x0882, 0x0882, 0x0882, 0x0882, 0x0882,
  0x0882, 0x0882, 0x0882, 0x0882, 0x0882, 0x0882, 0x0882, 0x08A2, 0x08A2, 0x08A3, 0x08A3, 0x08A3,
  0x08A3, 0x08A3, 0x08A3, 0x08A2, 0x08A2, 0x0882, 0x0882, 0x0882, 0x0882, 0x0882, 0x0882, 0x0882,
  0x0882, 0x0882, 0x0882, 0x0882, 0x0882, 0x0862, 0x0862, 0x0862, 0x0862, 0x0862, 0x0862, 0x0862,
  0x0862, 0x0862, 0x0862, 0x0862, 0x0862, 0x0862, 0x0862, 0x0862, 0x0862, 0x0862, 0x0862, 0x0862,
  0x0862, 0x0862, 0x0862, 0x0862, 0x0862, 0x0862, 0x0862, 0x0862, 0x0862, 0x0862, 0x0862, 0x0862,
  0x0862, 0x0862, 0x0862, 0x0862, 0x0862, 0x0862, 0x0862, 0x0862, 0x0862, 0x0862, 0x0862, 0x0862,
  0x0862, 0x0862, 0x0862, 0x0862, 0x0862, 0x0862, 0x0862, 0x0862, 0x0862, 0x0862, 0x0862, 0x0862,
  0x0862, 0x0862, 0x0862, 0x0862, 0x0862, 0x0862, 0x0862, 0x0862, 0x0862, 0x0862, 0x0862, 0x0862,
  0x0862, 0x0862, 0x0862, 0x0862, 0x0862, 0x0862, 0x0862, 0x0862, 0x0862, 0x0882, 0x0882, 0x0882,
  0x0882, 0x0882, 0x0882, 0x0882, 0x0882, 0x0882, 0x08A2, 0x08A3, 0x08A3, 0x08A3, 0x08A3, 0x08A3,
  0x08A3, 0x08A3, 0x08A3, 0x08A3, 0x08A3, 0x08A3, 0x08A3, 0x08A3, 0x08A3, 0x08A3, 0x08A3, 0x08A3,
  0x08A3, 0x08A2, 0x0882, 0x0882, 0x0882, 0x0882, 0x0882, 0x0882, 0x0882, 0x0882, 0x0882, 0x0862,
  0x0862, 0x0862, 0x0862, 0x0862, 0x0862, 0x0862, 0x0862, 0x0862, 0x0862, 0x0862, 0x0862, 0x0862,
  0x0862, 0x0862, 0x0862, 0x0862, 0x0862, 0x0862, 0x0862, 0x0862, 0x0862, 0x0862, 0x0862, 0x0862,
  0x0862, 0x0862, 0x0862, 0x0862, 0x0862, 0x0862, 0x0862, 0x0862, 0x0862, 0x0862, 0x0862, 0x0862,
  0x0862, 0x0862, 0x0862, 0x0862, 0x0862, 0x0862, 0x0862, 0x0862, 0x0862, 0x0862, 0x0862, 0x0862,
  0x0862, 0x0862, 0x0862, 0x0862, 0x0862, 0x0862, 0x0862, 0x0862, 0x0862, 0x0862, 0x0862, 0x0862,
  0x0862, 0x0862, 0x0862, 0x0862, 0x0862, 0x0862, 0x0862, 0x0862, 0x0862, 0x0862, 0x0862, 0x0882,
  0x0882, 0x0882, 0x0882, 0x0882, 0x0882, 0x0882, 0x0882, 0x08A2, 0x08A3, 0x08A3, 0x08A3, 0x08A3,
  0x08A3, 0x08A3, 0x08C3, 0x0082, 0x0062, 0x08C3, 0x08A3, 0x08A3, 0x08A3, 0x08A3, 0x08C3, 0x0882,
  0x0882, 0x08C3, 0x08A3, 0x08A3, 0x08A3, 0x08A3, 0x08A3, 0x08A3, 0x08A2, 0x0882, 0x0882, 0x0882,
  0x0882, 0x0882, 0x0882, 0x0882, 0x0882, 0x0862, 0x0862, 0x0862, 0x0862, 0x0862, 0x0862, 0x0862,
  0x0862, 0x0862, 0x0862, 0x0862, 0x0862, 0x0862, 0x0862, 0x0862, 0x0862, 0x0862, 0x0862, 0x0862,
  0x0862, 0x0862, 0x0862, 0x0862, 0x0862, 0x0862, 0x0862, 0x0862, 0x0862, 0x0862, 0x0862, 0x0862,
  0x0862, 0x0862, 0x0862, 0x0862, 0x0862, 0x0862, 0x0862, 0x0862, 0x0862, 0x0862, 0x0862, 0x0862,
  0x0862, 0x0862, 0x0862, 0x0862, 0x0862, 0x0862, 0x0862, 0x0862, 0x0862, 0x0862, 0x0862, 0x0862,
  0x0862, 0x0862, 0x0862, 0x0862, 0x0862, 0x0862, 0x0862, 0x0862, 0x0862, 0x0862, 0x0862, 0x0862,
  0x0862, 0x0882, 0x0882, 0x0882, 0x0882, 0x0882, 0x0882, 0x0882, 0x08A3, 0x08A3, 0x08A3, 0x08A3,
  0x08A3, 0x08A3, 0x08A3, 0x08A3, 0x08C3, 0x08C3, 0x0061, 0x1104, 0x7452, 0x428B, 0x0062, 0x08C3,
  0x08C3, 0x0082, 0x2A49, 0x3BCE, 0x1104, 0x0062, 0x08A3, 0x08C3, 0x08A3, 0x08A3, 0x08A3, 0x08A3,
  0x08A3, 0x08A3, 0x08A3, 0x08A3, 0x0882, 0x0882, 0x0882, 0x0882, 0x0882, 0x0882, 0x0882, 0x0862,
  0x0862, 0x0862, 0x0862, 0x0862, 0x0862, 0x0862, 0x0862, 0x0862, 0x0862, 0x0862, 0x0862, 0x0862,
  0x0862, 0x0862, 0x0862, 0x0862, 0x0862, 0x0862, 0x0862, 0x0862, 0x0862, 0x0862, 0x0862, 0x0862,
  0x0862, 0x0862, 0x0862, 0x0862, 0x0862, 0x0862, 0x0862, 0x0862, 0x0862, 0x0862, 0x0862, 0x0862,
  0x0862, 0x0862, 0x0862, 0x0862, 0x0862, 0x0862, 0x0862, 0x0862, 0x0862, 0x0862, 0x0862, 0x0862,
  0x0862, 0x0862, 0x0862, 0x0862, 0x0862, 0x0862, 0x0862, 0x0862, 0x0862, 0x0862, 0x0862, 0x0862,
  0x0862, 0x0862, 0x0862, 0x0862, 0x0882, 0x0882, 0x0882, 0x0882, 0x0882, 0x0882, 0x08A3, 0x08A3,
  0x08A3, 0x08A3, 0x08A3, 0x08A3, 0x08C3, 0x08C3, 0x08C3, 0x08C3, 0x0062, 0x08C3, 0x4B0D, 0x95B8,
  0xC73E, 0x4ACB, 0x0061, 0x08E3, 0x08E3, 0x0062, 0x3AAA, 0x6617, 0x44D2, 0x2ACB, 0x08E3, 0x0082,
  0x08C3, 0x08C3, 0x08C3, 0x08C3, 0x08A3, 0x08A3, 0x08A3, 0x08A3, 0x08A3, 0x08A3, 0x0882, 0x0882,
  0x0882, 0x0882, 0x0882, 0x0882, 0x0862, 0x0862, 0x0862, 0x0862, 0x0862, 0x0862, 0x0862, 0x0862,
  0x0862, 0x0862, 0x0862, 0x0862, 0x0862, 0x0862, 0x0862, 0x0862, 0x0862, 0x0862, 0x0862, 0x0862,
  0x0862, 0x0862, 0x0862, 0x0862, 0x0862, 0x0862, 0x0862, 0x0862, 0x0862, 0x0862, 0x0862, 0x0862,
  0x0862, 0x0862, 0x0862, 0x0862, 0x0862, 0x0862, 0x0862, 0x0862, 0x0862, 0x0862, 0x0862, 0x0862,
  0x0862, 0x0862, 0x0862, 0x0862, 0x0862, 0x0862, 0x0862, 0x0862, 0x0862, 0x0862, 0x0862, 0x0862,
  0x0862, 0x0862, 0x0862, 0x0862, 0x0862, 0x0862, 0x0882, 0x0882, 0x0882, 0x0882, 0x0882, 0x0882,
  0x08A2, 0x08A3, 0x08A3, 0x08A3, 0x08A3, 0x08A3, 0x08C3, 0x08C3, 0x08C3, 0x08E3, 0x0082, 0x0082,
  0x3A6A, 0x8D56, 0xAE9C, 0xA63B, 0xC6DD, 0x42AB, 0x0082, 0x08E4, 0x08E3, 0x0082, 0x3AAA, 0x8658,
  0x4533, 0x5594, 0x44B1, 0x2249, 0x08A2, 0x0882, 0x08E3, 0x08C3, 0x08C3, 0x08C3, 0x08A3, 0x08A3,
  0x08A3, 0x08A3, 0x08A3, 0x08A2, 0x0882, 0x0882, 0x0882, 0x0882, 0x0882, 0x0882, 0x0862, 0x0862,
  0x0862, 0x0862, 0x0862, 0x0862, 0x0862, 0x0862, 0x0862, 0x0862, 0x0862, 0x0862, 0x0862, 0x0862,
  0x0862, 0x0862, 0x0862, 0x0862, 0x0862, 0x0862, 0x0862, 0x0862, 0x0862, 0x0862, 0x0862, 0x0862,
  0x0862, 0x0862, 0x0862, 0x0862, 0x0862, 0x0862, 0x0862, 0x0862, 0x0862, 0x0862, 0x0862, 0x0862,
  0x0862, 0x0862, 0x0862, 0x0862, 0x0862, 0x0862, 0x0862, 0x0862, 0x0862, 0x0862, 0x0862, 0x0862,
  0x0862, 0x0862, 0x0862, 0x0862, 0x0862, 0x0862, 0x0862, 0x0862, 0x0862, 0x0882, 0x0882, 0x0882,
  0x0882, 0x0882, 0x08A2, 0x08A3, 0x08A3, 0x08A3, 0x08A3, 0x08C3, 0x08C3, 0x08C3, 0x08C3, 0x08E3,
  0x08C3, 0x0061, 0x21C7, 0x7CB4, 0xAE7C, 0xA65B, 0x9E1A, 0xB67B, 0xCEFD, 0x42CB, 0x0082, 0x1104,
  0x0904, 0x0082, 0x3AAA, 0x96BA, 0x5D74, 0x4533, 0x4D74, 0x4D94, 0x3C2F, 0x19C7, 0x0882, 0x08A3,
  0x08E3, 0x08C3, 0x08C3, 0x08C3, 0x08C3, 0x08A3, 0x08A3, 0x08A3, 0x08A3, 0x08A2, 0x0882, 0x0882,
  0x0882, 0x0882, 0x0882, 0x0862, 0x0862, 0x0862, 0x0862, 0x0862, 0x0862, 0x0862, 0x0862, 0x0862,
  0x0862, 0x0862, 0x0862, 0x0862, 0x0862, 0x0862, 0x0862, 0x0862, 0x0862, 0x0862, 0x0862, 0x0862,
  0x0862, 0x0862, 0x0862, 0x0862, 0x0862, 0x0862, 0x0862, 0x0862, 0x0862, 0x0862, 0x0862, 0x0862,
  0x0862, 0x0862, 0x0862, 0x0862, 0x0862, 0x0862, 0x0862, 0x0862, 0x0862, 0x0862, 0x0862, 0x0862,
  0x0862, 0x0862, 0x0862, 0x0862, 0x0862, 0x0862, 0x0862, 0x0862, 0x0862, 0x0862, 0x0862, 0x0862,
  0x0882, 0x0882, 0x0882, 0x0882, 0x0882, 0x08A3, 0x08A3, 0x08A3, 0x08A3, 0x08C3, 0x08C3, 0x08C3,
  0x08C3, 0x08E3, 0x08C3, 0x0061, 0x1945, 0x63F0, 0xA63B, 0xAE9C, 0xA61A, 0x9E1A, 0xA63B, 0xBE9B,
  0xCEFD, 0x4ACB, 0x00A2, 0x1104, 0x0904, 0x00A2, 0x3AAA, 0x969A, 0x7DF7, 0x4D53, 0x4D33, 0x4533,
  0x4D74, 0x4D53, 0x338D, 0x1145, 0x0082, 0x08C3, 0x08E3, 0x08C3, 0x08C3, 0x08C3, 0x08C3, 0x08A3,
  0x08A3, 0x08A3, 0x08A3, 0x0882, 0x0882, 0x0882, 0x0882, 0x0882, 0x0862, 0x0862, 0x0862, 0x0862,
  0x0862, 0x0862, 0x0862, 0x0862, 0x0862, 0x0862, 0x0862, 0x0862, 0x0862, 0x0862, 0x0862, 0x0862,
  0x0862, 0x0862, 0x0862, 0x0862, 0x0862, 0x0862, 0x0862, 0x0862, 0x0862, 0x0862, 0x0862, 0x0862,
  0x0862, 0x0862, 0x0862, 0x0862, 0x0862, 0x0862, 0x0862, 0x0862, 0x0862, 0x0862, 0x0862, 0x0862,
  0x0862, 0x0862, 0x0862, 0x0862, 0x0862, 0x0862, 0x0862, 0x0862, 0x0862, 0x0862, 0x0862, 0x0862,
  0x0862, 0x0862, 0x0882, 0x0882, 0x0882, 0x0882, 0x0882, 0x08A2, 0x08A3, 0x08A3, 0x08A3, 0x08A3,
  0x08C3, 0x08C3, 0x08C3, 0x08C3, 0x08C3, 0x0082, 0x08E3, 0x532D, 0x9DD9, 0xAE9C, 0x9E3A, 0x9E1A,
  0x9E3A, 0xA63A, 0xBE9B, 0xBE9B, 0xCEFD, 0x4ACC, 0x00A2, 0x1104, 0x1104, 0x00A2, 0x3AAB, 0x969A,
  0x9638, 0x5D74, 0x4533, 0x4D53, 0x4D33, 0x4D33, 0x4D94, 0x4D12, 0x2B0B, 0x1104, 0x0082, 0x08E3,
  0x08E3, 0x08C3, 0x08C3, 0x08C3, 0x08A3, 0x08A3, 0x08A3, 0x08A3, 0x08A2, 0x0882, 0x0882, 0x0882,
  0x0882, 0x0882, 0x0862, 0x0862, 0x0862, 0x0862, 0x0862, 0x0862, 0x0862, 0x0862, 0x0862, 0x0862,
  0x0862, 0x0862, 0x0862, 0x0862, 0x0862, 0x0862, 0x0862, 0x0862, 0x0862, 0x0862, 0x0862, 0x0862,
  0x0862, 0x0862, 0x0862, 0x0862, 0x0862, 0x0862, 0x0862, 0x0862, 0x0862, 0x0862, 0x0862, 0x0862,
  0x0862, 0x0862, 0x0862, 0x0862, 0x0862, 0x0862, 0x0862, 0x0862, 0x0862, 0x0862, 0x0862, 0x0862,
  0x0862, 0x0862, 0x0862, 0x0862, 0x0862, 0x0862, 0x0882, 0x0882, 0x0882, 0x0882, 0x08A2, 0x08A3,
  0x08A3, 0x08A3, 0x08C3, 0x08C3, 0x08C3, 0x08C3, 0x08C3, 0x08E3, 0x08E4, 0x3A8A, 0x8D57, 0xAE9C,
  0xA65B, 0x9E1A, 0x9E1A, 0x9E1A, 0x9E1A, 0xAE5B, 0xC69C, 0xBE7B, 0xCEFD, 0x4AEC, 0x00A2, 0x1104,
  0x0924, 0x08A3, 0x330B, 0x7637, 0x8618, 0x75F7, 0x4533, 0x4D33, 0x4D53, 0x4D53, 0x4D33, 0x4D53,
  0x4DB4, 0x44D1, 0x2269, 0x08A3, 0x08A2, 0x08E3, 0x08C3, 0x08C3, 0x08C3, 0x08C3, 0x08A3, 0x08A3,
  0x08A3, 0x08A2, 0x0882, 0x0882, 0x0882, 0x0882, 0x0862, 0x0862, 0x0862, 0x0862, 0x0862, 0x0862,
  0x0862, 0x0862, 0x0862, 0x0862, 0x0862, 0x0862, 0x0862, 0x0862, 0x0862, 0x0862, 0x0862, 0x0862,
  0x0862, 0x0862, 0x0862, 0x0862, 0x0862, 0x0862, 0x0862, 0x0862, 0x0862, 0x0862, 0x0862, 0x0862,
  0x0862, 0x0862, 0x0862, 0x0862, 0x0862, 0x0862, 0x0862, 0x0862, 0x0862, 0x0862, 0x0862, 0x0862,
  0x0862, 0x0862, 0x0862, 0x0862, 0x0862, 0x0862, 0x0862, 0x0862, 0x0862, 0x0882, 0x0882, 0x0882,
  0x0882, 0x08A3, 0x08A3, 0x08A3, 0x08A3, 0x08C3, 0x08C3, 0x08C3, 0x08C3, 0x08E3, 0x08E4, 0x00A2,
  0x3A8B, 0xA63B, 0xA65C, 0x9DFA, 0xA61A, 0xA63B, 0xA63B, 0xA63B, 0xA63B, 0xBE7B, 0xBE9C, 0xBE7B,
  0xCEFD, 0x4AEC, 0x00C2, 0x1124, 0x1124, 0x08C3, 0x440F, 0x55B5, 0x4D54, 0x6DD6, 0x5D94, 0x4D74,
  0x4D53, 0x4D53, 0x4D53, 0x4D53, 0x4D33, 0x4D74, 0x4D94, 0x3C2F, 0x19C7, 0x08A2, 0x08C3, 0x08E3,
  0x08C3, 0x08C3, 0x08C3, 0x08A3, 0x08A3, 0x08A3, 0x08A3, 0x0882, 0x0882, 0x0882, 0x0882, 0x0862,
  0x0862, 0x0862, 0x0862, 0x0862, 0x0862, 0x0862, 0x0862, 0x0862, 0x0862, 0x0862, 0x0862, 0x0862,
  0x0862, 0x0862, 0x0862, 0x0862, 0x0862, 0x0862, 0x0862, 0x0862, 0x0862, 0x0862, 0x0862, 0x0862,
  0x0862, 0x0862, 0x0862, 0x0862, 0x0862, 0x0862, 0x0862, 0x0862, 0x0862, 0x0862, 0x0862, 0x0862,
  0x0862, 0x0862, 0x0862, 0x0862, 0x0862, 0x0862, 0x0862, 0x0862, 0x0862, 0x0862, 0x0862, 0x0882,
  0x0882, 0x0882, 0x0882, 0x0882, 0x08A3, 0x08A3, 0x08A3, 0x08C3, 0x08C3, 0x08C3, 0x08E3, 0x08E3,
  0x08E3, 0x08E3, 0x08E3, 0x08E4, 0x08E3, 0x21C8, 0x6C53, 0x8D79, 0x7D18, 0x7D37, 0x95BA, 0x95D9,
  0xAE1A, 0xC69C, 0xBE9B, 0xBE7B, 0xCEFD, 0x4AEC, 0x00C3, 0x1144, 0x0924, 0x1145, 0x4CF3, 0x5595,
  0x5574, 0x55B5, 0x3BCE, 0x22CA, 0x44D2, 0x4553, 0x4533, 0x4D33, 0x4D53, 0x4D53, 0x4D33, 0x4D74,
  0x4D53, 0x338D, 0x1145, 0x0082, 0x08C3, 0x08E3, 0x08C3, 0x08C3, 0x08C3, 0x08A3, 0x08A3, 0x08A3,
  0x0882, 0x0882, 0x0882, 0x0882, 0x0882, 0x0862, 0x0862, 0x0862, 0x0862, 0x0862, 0x0862, 0x0862,
  0x0862, 0x0862, 0x0862, 0x0862, 0x0862, 0x0862, 0x0862, 0x0862, 0x0862, 0x0862, 0x0862, 0x0862,
  0x0862, 0x0862, 0x0862, 0x0862, 0x0862, 0x0862, 0x0862, 0x0862, 0x0862, 0x0862, 0x0862, 0x0862,
  0x0862, 0x0862, 0x0862, 0x0862, 0x0862, 0x0862, 0x0862, 0x0862, 0x0862, 0x0862, 0x0862, 0x0862,
  0x0862, 0x0862, 0x0862, 0x0882, 0x0882, 0x0882, 0x0882, 0x08A3, 0x08A3, 0x08A3, 0x08A3, 0x08C3,
  0x08C3, 0x08E3, 0x0082, 0x0082, 0x08E3, 0x0904, 0x08E4, 0x08E4, 0x0904, 0x08C3, 0x0904, 0x42CC,
  0x74B6, 0x8539, 0x6413, 0x21E8, 0xA597, 0xC6DC, 0xBE7B, 0xBE7B, 0xCEDD, 0x4B0C, 0x00C3, 0x1145,
  0x0904, 0x2207, 0x5575, 0x5574, 0x5574, 0x5595, 0x3BEE, 0x08A3, 0x11A6, 0x2B8D, 0x34B1, 0x34B1,
  0x3491, 0x3CB1, 0x3CF2, 0x44F2, 0x44F2, 0x4D74, 0x4D12, 0x2B0B, 0x10E4, 0x08A2, 0x08E3, 0x08C3,
  0x08C3, 0x08A3, 0x08A3, 0x08A3, 0x08A3, 0x0882, 0x0882, 0x0882, 0x0882, 0x0862, 0x0862, 0x0862,
  0x0862, 0x0862, 0x0862, 0x0862, 0x0862, 0x0862, 0x0862, 0x0862, 0x0862, 0x0862, 0x0862, 0x0862,
  0x0862, 0x0862, 0x0862, 0x0862, 0x0862, 0x0862, 0x0862, 0x0862, 0x0862, 0x0862, 0x0862, 0x0862,
  0x0862, 0x0862, 0x0862, 0x0862, 0x0862, 0x0862, 0x0862, 0x0862, 0x0862, 0x0862, 0x0862, 0x0862,
  0x0862, 0x0862, 0x0862, 0x0862, 0x0862, 0x0862, 0x0882, 0x0882, 0x0882, 0x0882, 0x08A3, 0x08A3,
  0x08A3, 0x08A3, 0x08C3, 0x08E3, 0x00A2, 0x0082, 0x3A8A, 0x4B2D, 0x08E3, 0x00A2, 0x1104, 0x0904,
  0x0904, 0x1124, 0x0904, 0x00C2, 0x21C7, 0x42CC, 0x08E3, 0x21C7, 0xB67B, 0xBE9C, 0xBE9B, 0xB67B,
  0xBEBC, 0x3AAA, 0x00E3, 0x1165, 0x08E3, 0x330B, 0x5DB5, 0x5574, 0x5574, 0x5574, 0x44D1, 0x1165,
  0x0904, 0x0904, 0x1A07, 0x33EE, 0x3CD1, 0x3490, 0x3450, 0x3470, 0x3470, 0x3490, 0x3CD1, 0x4553,
  0x3C70, 0x2228, 0x08A3, 0x08A3, 0x08E3, 0x08C3, 0x08A3, 0x08A3, 0x08A3, 0x08A3, 0x0882, 0x0882,
  0x0882, 0x0882, 0x0862, 0x0862, 0x0862, 0x0862, 0x0862, 0x0862, 0x0862, 0x0862, 0x0862, 0x0862,
  0x0862, 0x0862, 0x0862, 0x0862, 0x0862, 0x0862, 0x0862, 0x0862, 0x0862, 0x0862, 0x0862, 0x0862,
  0x0862, 0x0862, 0x0862, 0x0862, 0x0862, 0x0862, 0x0862, 0x0862, 0x0862, 0x0862, 0x0862, 0x0862,
  0x0862, 0x0862, 0x0862, 0x0862, 0x0862, 0x0862, 0x0862, 0x0862, 0x0862, 0x0882, 0x0882, 0x0882,
  0x0882, 0x08A2, 0x08A3, 0x08A3, 0x08C3, 0x08E3, 0x08C3, 0x0061, 0x2186, 0x7473, 0xA65B, 0xA65C,
  0x8536, 0x3A6A, 0x00C2, 0x08E3, 0x0904, 0x0904, 0x1124, 0x1124, 0x0904, 0x0903, 0x00E3, 0x4B2D,
  0xBEDD, 0xBE7B, 0xBE7B, 0xBE9C, 0xAE19, 0x19A6, 0x0924, 0x1165, 0x0904, 0x4430, 0x5DB5, 0x5574,
  0x5574, 0x5574, 0x4533, 0x19E7, 0x0924, 0x1145, 0x0904, 0x1124, 0x2289, 0x342F, 0x3CD1, 0x3491,
  0x3490, 0x3491, 0x3490, 0x3470, 0x34B1, 0x3CD2, 0x2B8D, 0x1165, 0x0882, 0x08C3, 0x08C3, 0x08C3,
  0x08A3, 0x08A3, 0x08A2, 0x0882, 0x0882, 0x0882, 0x0882, 0x0862, 0x0862, 0x0862, 0x0862, 0x0862,
  0x0862, 0x0862, 0x0862, 0x0862, 0x0862, 0x0862, 0x0862, 0x0862, 0x0862, 0x0862, 0x0862, 0x0862,
  0x0862, 0x0862, 0x0862, 0x0862, 0x0862, 0x0862, 0x0862, 0x0862, 0x0862, 0x0862, 0x0862, 0x0862,
  0x0862, 0x0862, 0x0862, 0x0862, 0x0862, 0x0862, 0x0862, 0x0862, 0x0862, 0x0862, 0x0862, 0x0862,
  0x0882, 0x0882, 0x0882, 0x0882, 0x08A2, 0x08A3, 0x08A3, 0x08C3, 0x08C3, 0x0061, 0x1104, 0x5B8F,
  0xA61A, 0xAE7C, 0x9DD9, 0x9DD9, 0xA65B, 0xA65B, 0x6C52, 0x29E8, 0x0904, 0x1124, 0x0924, 0x0924,
  0x1145, 0x1165, 0x08E3, 0x6C52, 0xBEBC, 0xBE7B, 0xB67B, 0xC6DD, 0x8D35, 0x0924, 0x1165, 0x0945,
  0x1185, 0x5513, 0x5595, 0x5574, 0x5594, 0x4D53, 0x4553, 0x2289, 0x0904, 0x1145, 0x1145, 0x1124,
  0x08E3, 0x1165, 0x2B0B, 0x3CB1, 0x3CF2, 0x3491, 0x3491, 0x3491, 0x3490, 0x3470, 0x34B1, 0x3490,
  0x22CA, 0x1104, 0x0882, 0x08C3, 0x08C3, 0x08A3, 0x08A3, 0x08A2, 0x0882, 0x0882, 0x0882, 0x0882,
  0x0862, 0x0862, 0x0862, 0x0862, 0x0862, 0x0862, 0x0862, 0x0862, 0x0862, 0x0862, 0x0862, 0x0862,
  0x0862, 0x0862, 0x0862, 0x0862, 0x0862, 0x0862, 0x0862, 0x0862, 0x0862, 0x0862, 0x0862, 0x0862,
  0x0862, 0x0862, 0x0862, 0x0862, 0x0862, 0x0862, 0x0862, 0x0862, 0x0862, 0x0862, 0x0862, 0x0862,
  0x0862, 0x0862, 0x0862, 0x0862, 0x0882, 0x0882, 0x0882, 0x0882, 0x08A3, 0x08A3, 0x08C3, 0x0082,
  0x08A2, 0x42CC, 0x9598, 0xAE9C, 0xA63B, 0x9DF9, 0x9DFA, 0x9DFA, 0x9DD9, 0x9E1A, 0xB6BD, 0x7C94,
  0x1124, 0x0924, 0x1145, 0x1145, 0x0944, 0x1145, 0x1145, 0x8557, 0xB67C, 0xBE9B, 0xB67B, 0xC6FD,
  0x63F0, 0x0103, 0x1185, 0x0924, 0x2248, 0x5595, 0x5574, 0x5574, 0x5594, 0x4D33, 0x4574, 0x334C,
  0x0904, 0x1165, 0x1145, 0x1145, 0x1145, 0x0924, 0x08E3, 0x19A6, 0x33AD, 0x3CD1, 0x3CD1, 0x3490,
  0x3490, 0x3490, 0x3470, 0x3490, 0x34D1, 0x344F, 0x2248, 0x08C3, 0x0882, 0x08C3, 0x08A3, 0x08A3,
  0x0882, 0x0882, 0x0882, 0x0882, 0x0862, 0x0862, 0x0862, 0x0862, 0x0862, 0x0862, 0x0862, 0x0862,
  0x0862, 0x0862, 0x0862, 0x0862, 0x0862, 0x0862, 0x0862, 0x0862, 0x0862, 0x0862, 0x0862, 0x0862,
  0x0862, 0x0862, 0x0862, 0x0862, 0x0862, 0x0862, 0x0862, 0x0862, 0x0862, 0x0862, 0x0862, 0x0862,
  0x0862, 0x0862, 0x0862, 0x0862, 0x0862, 0x0862, 0x0862, 0x0882, 0x0882, 0x0882, 0x0882, 0x08A3,
  0x08C3, 0x0082, 0x0061, 0x3208, 0x84F5, 0xAE9C, 0xAE5B, 0xA61A, 0x9E1A, 0x9DFA, 0x9DD9, 0x9DFA,
  0xAE7C, 0x9598, 0x42CC, 0x0904, 0x0924, 0x1145, 0x5B8F, 0x1165, 0x1145, 0x0924, 0x2A28, 0x9E1A,
  0xAE5B, 0xBE9B, 0xBE7B, 0xBEBC, 0x3A8A, 0x0924, 0x1185, 0x0924, 0x334C, 0x5DD5, 0x5574, 0x5574,
  0x5574, 0x4533, 0x4553, 0x3BEE, 0x0924, 0x1165, 0x1145, 0x1145, 0x1145, 0x1145, 0x1145, 0x0904,
  0x0904, 0x2228, 0x340F, 0x3CD1, 0x3491, 0x3470, 0x3490, 0x3490, 0x3470, 0x34B1, 0x3CD1, 0x33CE,
  0x19A6, 0x0882, 0x08A2, 0x08C3, 0x08A3, 0x0882, 0x0882, 0x0882, 0x0882, 0x0862, 0x0862, 0x0862,
  0x0862, 0x0862, 0x0862, 0x0862, 0x0862, 0x0862, 0x0862, 0x0862, 0x0862, 0x0862, 0x0862, 0x0862,
  0x0862, 0x0862, 0x0862, 0x0862, 0x0862, 0x0862, 0x0862, 0x0862, 0x0862, 0x0862, 0x0862, 0x0862,
  0x0862, 0x0862, 0x0862, 0x0862, 0x0862, 0x0862, 0x0862, 0x0862, 0x0862, 0x0862, 0x0882, 0x0882,
  0x0882, 0x0882, 0x08A3, 0x08A2, 0x0041, 0x1945, 0x6C32, 0xAE7C, 0xAE7C, 0xA61A, 0xA63A, 0xA63B,
  0x9DF9, 0x9DD9, 0xA63B, 0x9DFA, 0x5BD0, 0x1145, 0x00E3, 0x1145, 0x00C2, 0x6C32, 0x7473, 0x00E3,
  0x1186, 0x0103, 0x4B2D, 0xA65C, 0xAE5B, 0xBE7B, 0xBE9C, 0xAE19, 0x19A6, 0x0965, 0x1185, 0x0944,
  0x4450, 0x55B5, 0x5574, 0x5574, 0x5574, 0x4533, 0x4533, 0x3C90, 0x1165, 0x1165, 0x1165, 0x1165,
  0x1145, 0x1145, 0x1145, 0x1145, 0x1145, 0x08E4, 0x1124, 0x22AA, 0x3450, 0x34D1, 0x3490, 0x3470,
  0x3490, 0x3490, 0x3470, 0x34B1, 0x3CB1, 0x2B2C, 0x1124, 0x0862, 0x08A3, 0x08A3, 0x0882, 0x0882,
  0x0882, 0x0882, 0x0862, 0x0862, 0x0862, 0x0862, 0x0862, 0x0862, 0x0862, 0x0862, 0x0862, 0x0862,
  0x0862, 0x0862, 0x0862, 0x0862, 0x0862, 0x0862, 0x0862, 0x0862, 0x0862, 0x0862, 0x0862, 0x0862,
  0x0862, 0x0862, 0x0862, 0x0862, 0x0862, 0x0862, 0x0862, 0x0862, 0x0862, 0x0862, 0x0862, 0x0862,
  0x0862, 0x0862, 0x0882, 0x0882, 0x0882, 0x08A3, 0x08A3, 0x08C3, 0x4B2D, 0x9DFA, 0xAE9C, 0xA61A,
  0xA61A, 0xA63B, 0xA63B, 0x9DFA, 0x9E1A, 0xA63B, 0x7494, 0x21E7, 0x00C3, 0x0924, 0x1165, 0x00E3,
  0x430C, 0xB6DD, 0x3ACB, 0x0104, 0x1185, 0x0904, 0x6C52, 0xA65C, 0xAE5B, 0xB67B, 0xC6BC, 0x8D15,
  0x0944, 0x1186, 0x1165, 0x11A6, 0x4D13, 0x5594, 0x5574, 0x5574, 0x5574, 0x4512, 0x4512, 0x44F2,
  0x19E7, 0x0945, 0x1165, 0x1165, 0x1165, 0x1165, 0x1145, 0x1145, 0x1144, 0x1145, 0x0924, 0x08E3,
  0x1165, 0x2B0B, 0x3491, 0x34B1, 0x3470, 0x3470, 0x3490, 0x3470, 0x3490, 0x34B1, 0x3450, 0x2289,
  0x08C3, 0x08A3, 0x08A3, 0x0882, 0x0882, 0x0882, 0x0862, 0x0862, 0x0862, 0x0862, 0x0862, 0x0862,
  0x0862, 0x0862, 0x0862, 0x0862, 0x0862, 0x0862, 0x0862, 0x0862, 0x0862, 0x0862, 0x0862, 0x0862,
  0x0862, 0x0862, 0x0862, 0x0862, 0x0862, 0x0862, 0x0862, 0x0862, 0x0862, 0x0862, 0x0862, 0x0862,
  0x0862, 0x0862, 0x0862, 0x0862, 0x0862, 0x0882, 0x0882, 0x0882, 0x0882, 0x08A3, 0x0061, 0x3A29,
  0xC6FE, 0xA63B, 0x9DFA, 0xA61A, 0xA61A, 0xA61A, 0xA61A, 0xAE5B, 0x8D57, 0x3A8B, 0x08E3, 0x08E3,
  0x1145, 0x1145, 0x00E3, 0x3269, 0xB67C, 0xA61A, 0x21C7, 0x0944, 0x1165, 0x1165, 0x8D77, 0xA63B,
  0xAE5B, 0xB65B, 0xC6DD, 0x63F0, 0x0124, 0x11A6, 0x0965, 0x2269, 0x5595, 0x5574, 0x5574, 0x5594,
  0x4D54, 0x4512, 0x4512, 0x4D53, 0x2269, 0x0944, 0x1165, 0x1165, 0x0944, 0x0944, 0x1165, 0x1145,
  0x1145, 0x1144, 0x1144, 0x1145, 0x0904, 0x08E3, 0x19A6, 0x2B8D, 0x34B1, 0x3491, 0x3470, 0x3490,
  0x3470, 0x3470, 0x3CB1, 0x4D74, 0x19C7, 0x0062, 0x08A3, 0x0882, 0x0882, 0x0882, 0x0882, 0x0862,
  0x0862, 0x0862, 0x0862, 0x0862, 0x0862, 0x0862, 0x0862, 0x0862, 0x0862, 0x0862, 0x0862, 0x0862,
  0x0862, 0x0862, 0x0862, 0x0862, 0x0862, 0x0862, 0x0862, 0x0862, 0x0862, 0x0862, 0x0862, 0x0862,
  0x0862, 0x0862, 0x0862, 0x0862, 0x0862, 0x0862, 0x0862, 0x0862, 0x0862, 0x0882, 0x0882, 0x0882,
  0x08A2, 0x08A3, 0x0062, 0x3229, 0xC6DD, 0xBE9B, 0xAE5B, 0xA63B, 0x9E1A, 0xAE7C, 0x9DD9, 0x5B8F,
  0x1124, 0x00C3, 0x1124, 0x1144, 0x1145, 0x0904, 0x21C7, 0xA5F9, 0xB6BD, 0x8D36, 0x0944, 0x1185,
  0x0944, 0x2A49, 0x9E1A, 0x9E1A, 0xAE5B, 0xB67B, 0xBE9C, 0x3ACB, 0x0965, 0x11A6, 0x0945, 0x334C,
  0x5DB5, 0x5574, 0x5574, 0x5574, 0x4D33, 0x4512, 0x4512, 0x4D73, 0x2B2B, 0x0944, 0x1185, 0x1165,
  0x32EB, 0x2208, 0x0904, 0x1165, 0x1165, 0x1145, 0x1145, 0x1124, 0x1124, 0x1124, 0x08E4, 0x08E3,
  0x1A08, 0x2BAE, 0x34B1, 0x3470, 0x3491, 0x4512, 0x4D54, 0x5594, 0x19C7, 0x0062, 0x08A3, 0x08A2,
  0x0882, 0x0882, 0x0882, 0x0862, 0x0862, 0x0862, 0x0862, 0x0862, 0x0862, 0x0862, 0x0862, 0x0862,
  0x0862, 0x0862, 0x0862, 0x0862, 0x0862, 0x0862, 0x0862, 0x0862, 0x0862, 0x0862, 0x0862, 0x0862,
  0x0862, 0x0862, 0x0862, 0x0862, 0x0862, 0x0862, 0x0862, 0x0862, 0x0862, 0x0862, 0x0862, 0x0862,
  0x0882, 0x0882, 0x0882, 0x0882, 0x08A3, 0x08C3, 0x0062, 0x3229, 0xB6BC, 0xC6BC, 0xC69C, 0xBE9C,
  0xB67C, 0x7473, 0x21A6, 0x00A2, 0x0904, 0x1144, 0x1124, 0x1145, 0x0924, 0x1145, 0x8D57, 0xAE7C,
  0xB69C, 0x6C31, 0x0104, 0x11A6, 0x0924, 0x4B4E, 0xA65B, 0x9DFA, 0xAE5B, 0xBE9B, 0xAE19, 0x19E7,
  0x1185, 0x11A6, 0x1165, 0x4450, 0x55B5, 0x5574, 0x5574, 0x5574, 0x4533, 0x4512, 0x4512, 0x4D53,
  0x33AD, 0x0945, 0x11A6, 0x0924, 0x3BAD, 0x6DD5, 0x3B6C, 0x1165, 0x0924, 0x1165, 0x1145, 0x1144,
  0x1144, 0x1124, 0x0924, 0x0924, 0x08E3, 0x0904, 0x228A, 0x4512, 0x5574, 0x5574, 0x4D53, 0x5574,
  0x19C7, 0x0082, 0x08C3, 0x08A3, 0x0882, 0x0882, 0x0882, 0x0882, 0x0862, 0x0862, 0x0862, 0x0862,
  0x0862, 0x0862, 0x0862, 0x0862, 0x0862, 0x0862, 0x0862, 0x0862, 0x0862, 0x0862, 0x0862, 0x0862,
  0x0862, 0x0862, 0x0862, 0x0862, 0x0862, 0x0862, 0x0862, 0x0862, 0x0862, 0x0862, 0x0862, 0x0862,
  0x0862, 0x0862, 0x0862, 0x0862, 0x0882, 0x0882, 0x0882, 0x08A2, 0x08A3, 0x08C3, 0x0062, 0x3229,
  0xAE7C, 0xBE9C, 0xC6BC, 0xC6BC, 0xBE5B, 0x1125, 0x00C3, 0x1124, 0x0924, 0x1124, 0x1144, 0x1145,
  0x0903, 0x7493, 0xB69D, 0xA61A, 0xB69C, 0x430C, 0x0924, 0x11A6, 0x0944, 0x6C72, 0xA65B, 0x9DFA,
  0xAE3A, 0xC6BC, 0x8D15, 0x0965, 0x11C6, 0x11A6, 0x19E7, 0x5533, 0x5595, 0x5574, 0x5574, 0x5554,
  0x4512, 0x4512, 0x4512, 0x4533, 0x3C2F, 0x1185, 0x11A6, 0x0945, 0x22AA, 0x4D53, 0x65B5, 0x54B1,
  0x2A89, 0x0944, 0x0945, 0x1145, 0x1145, 0x1124, 0x1124, 0x0924, 0x1124, 0x08E4, 0x0904, 0x44F2,
  0x5D94, 0x5554, 0x4D53, 0x5574, 0x19C7, 0x0082, 0x08C3, 0x08A3, 0x08A2, 0x0882, 0x0882, 0x0882,
  0x0862, 0x0862, 0x0862, 0x0862, 0x0862, 0x0862, 0x0862, 0x0862, 0x0862, 0x0862, 0x0862, 0x0862,
  0x0862, 0x0862, 0x0862, 0x0862, 0x0862, 0x0862, 0x0862, 0x0862, 0x0862, 0x0862, 0x0862, 0x0862,
  0x0862, 0x0862, 0x0862, 0x0862, 0x0862, 0x0862, 0x0862, 0x0882, 0x0882, 0x0882, 0x0882, 0x08A3,
  0x08A3, 0x08C3, 0x0082, 0x3249, 0xA67C, 0xAE5B, 0xC6BC, 0xC6BC, 0xB65A, 0x1986, 0x0904, 0x1124,
  0x0924, 0x1124, 0x1145, 0x00E3, 0x6411, 0xB6BD, 0xA63A, 0xAE5B, 0xA61A, 0x2208, 0x0965, 0x1186,
  0x11A6, 0x8D57, 0x9E3B, 0x9DFA, 0xAE3A, 0xC6DD, 0x6410, 0x0964, 0x19E7, 0x1185, 0x22A9, 0x5595,
  0x5574, 0x5574, 0x55B5, 0x4450, 0x3C4F, 0x4553, 0x4512, 0x4512, 0x44D1, 0x19C7, 0x1186, 0x1165,
  0x1A28, 0x3470, 0x4CF2, 0x6594, 0x65D5, 0x4C2F, 0x1165, 0x1145, 0x1145, 0x1144, 0x1124, 0x0924,
  0x0924, 0x0904, 0x1165, 0x3470, 0x4D33, 0x5574, 0x4D33, 0x5574, 0x19C7, 0x0082, 0x08C3, 0x08A3,
  0x08A3, 0x0882, 0x0882, 0x0882, 0x0882, 0x0862, 0x0862, 0x0862, 0x0862, 0x0862, 0x0862, 0x0862,
  0x0862, 0x0862, 0x0862, 0x0862, 0x0862, 0x0862, 0x0862, 0x0862, 0x0862, 0x0862, 0x0862, 0x0862,
  0x0862, 0x0862, 0x0862, 0x0862, 0x0862, 0x0862, 0x0862, 0x0862, 0x0862, 0x0862, 0x0862, 0x0882,
  0x0882, 0x0882, 0x08A2, 0x08A3, 0x08A3, 0x08C3, 0x0082, 0x3249, 0xA67C, 0xA63A, 0xBE9C, 0xC6BC,
  0xBE5A, 0x1986, 0x0904, 0x1124, 0x1124, 0x1145, 0x00E3, 0x534D, 0xBEBD, 0xAE5B, 0xAE3B, 0xAE7C,
  0x8536, 0x0965, 0x11A6, 0x0965, 0x2A69, 0xA61A, 0x9E1A, 0x9E1A, 0xAE5B, 0xBE9C, 0x3AEB, 0x0985,
  0x19E7, 0x1185, 0x3B8D, 0x5DB5, 0x5554, 0x5574, 0x5DF6, 0x336D, 0x338D, 0x4D73, 0x4512, 0x4512,
  0x4D33, 0x2248, 0x1185, 0x11A6, 0x19A6, 0x344F, 0x3CD1, 0x6574, 0x6574, 0x6DB5, 0x2207, 0x0924,
  0x1145, 0x1145, 0x1144, 0x1124, 0x0924, 0x0904, 0x1145, 0x3470, 0x3490, 0x4512, 0x4D53, 0x5574,
  0x21E7, 0x0082, 0x08C3, 0x08A3, 0x08A3, 0x08A2, 0x0882, 0x0882, 0x0882, 0x0862, 0x0862, 0x0862,
  0x0862, 0x0862, 0x0862, 0x0862, 0x0862, 0x0862, 0x0862, 0x0862, 0x0862, 0x0862, 0x0862, 0x0862,
  0x0862, 0x0862, 0x0862, 0x0862, 0x0862, 0x0862, 0x0862, 0x0862, 0x0862, 0x0862, 0x0862, 0x0862,
  0x0862, 0x0862, 0x0862, 0x0882, 0x0882, 0x0882, 0x08A3, 0x08A3, 0x08A3, 0x08C3, 0x0082, 0x3249,
  0xAE7C, 0x9E1A, 0xB67B, 0xC6BC, 0xBE5A, 0x1986, 0x0904, 0x1124, 0x1145, 0x00E3, 0x326A, 0xB67B,
  0xAE5B, 0xAE5B, 0xAE3B, 0xB69C, 0x6411, 0x0944, 0x19C6, 0x0944, 0x4B6E, 0xAE7C, 0x9E1A, 0x9E1A,
  0xAE7B, 0xA619, 0x1A07, 0x11C6, 0x11E7, 0x11A6, 0x4470, 0x55B5, 0x5554, 0x5574, 0x5DB5, 0x2269,
  0x2B2B, 0x4D73, 0x44F2, 0x4512, 0x4D73, 0x2AEA, 0x1165, 0x11A6, 0x1185, 0x340E, 0x34F2, 0x4D12,
  0x6574, 0x65B5, 0x2AAA, 0x0924, 0x1165, 0x1145, 0x1145, 0x1124, 0x1124, 0x0904, 0x1145, 0x342F,
  0x3470, 0x3470, 0x4D53, 0x5D94, 0x21E7, 0x0882, 0x08C3, 0x08A3, 0x08A3, 0x08A3, 0x0882, 0x0882,
  0x0882, 0x0862, 0x0862, 0x0862, 0x0862, 0x0862, 0x0862, 0x0862, 0x0862, 0x0862, 0x0862, 0x0862,
  0x0862, 0x0862, 0x0862, 0x0862, 0x0862, 0x0862, 0x0862, 0x0862, 0x0862, 0x0862, 0x0862, 0x0862,
  0x0862, 0x0862, 0x0862, 0x0862, 0x0862, 0x0862, 0x0882, 0x0882, 0x0882, 0x0882, 0x08A3, 0x08A3,
  0x08C3, 0x08C3, 0x0082, 0x3249, 0xAE7C, 0x9E3A, 0xA63B, 0xC6BC, 0xB65A, 0x1986, 0x0904, 0x1145,
  0x0904, 0x21E7, 0xA5FA, 0xAE5B, 0xAE3B, 0xAE5B, 0xA63B, 0xB6BD, 0x432D, 0x0944, 0x11C6, 0x0964,
  0x6C73, 0xA65B, 0x9DFA, 0x9E1A, 0xB69C, 0x8D35, 0x09A5, 0x19E7, 0x11C6, 0x1A07, 0x5533, 0x5594,
  0x5574, 0x5594, 0x5533, 0x11C6, 0x22CA, 0x4553, 0x4512, 0x4512, 0x4553, 0x338C, 0x1185, 0x11C6,
  0x1165, 0x2B8D, 0x3D12, 0x34B1, 0x5533, 0x65D5, 0x3B8D, 0x0924, 0x1165, 0x1145, 0x1145, 0x1144,
  0x1124, 0x0924, 0x1145, 0x342F, 0x3490, 0x2C70, 0x3CD1, 0x65B5, 0x21E7, 0x08A2, 0x08C3, 0x08C3,
  0x08A3, 0x08A3, 0x0882, 0x0882, 0x0882, 0x0882, 0x0862, 0x0862, 0x0862, 0x0862, 0x0862, 0x0862,
  0x0862, 0x0862, 0x0862, 0x0862, 0x0862, 0x0862, 0x0862, 0x0862, 0x0862, 0x0862, 0x0862, 0x0862,
  0x0862, 0x0862, 0x0862, 0x0862, 0x0862, 0x0862, 0x0862, 0x0862, 0x0862, 0x0862, 0x0882, 0x0882,
  0x0882, 0x08A2, 0x08A3, 0x08A3, 0x08C3, 0x08E3, 0x0082, 0x3249, 0xAE7C, 0xA63A, 0x9E3A, 0xBE9C,
  0xB63A, 0x1986, 0x0924, 0x0924, 0x1165, 0x9598, 0xAE7C, 0xA63B, 0xAE5B, 0xAE3B, 0xAE7C, 0x8D77,
  0x19C6, 0x1186, 0x11A6, 0x11A6, 0x8557, 0xA63B, 0x9E1A, 0x9DFA, 0xB6BC, 0x6410, 0x0985, 0x1A07,
  0x11C6, 0x2ACA, 0x5595, 0x5574, 0x5574, 0x5DB5, 0x4470, 0x11A6, 0x1A48, 0x44F2, 0x4512, 0x4512,
  0x4553, 0x3C0E, 0x1185, 0x11C6, 0x1165, 0x230B, 0x3D12, 0x34B1, 0x3490, 0x5D94, 0x4C50, 0x0944,
  0x1165, 0x1165, 0x1145, 0x1145, 0x1144, 0x0924, 0x1165, 0x3470, 0x34D1, 0x34B1, 0x34B1, 0x4D33,
  0x2208, 0x00A2, 0x08C3, 0x08C3, 0x08A3, 0x08A3, 0x08A2, 0x0882, 0x0882, 0x0882, 0x0862, 0x0862,
  0x0862, 0x0862, 0x0862, 0x0862, 0x0862, 0x0862, 0x0862, 0x0862, 0x0862, 0x0862, 0x0862, 0x0862,
  0x0862, 0x0862, 0x0862, 0x0862, 0x0862, 0x0862, 0x0862, 0x0862, 0x0862, 0x0862, 0x0862, 0x0862,
  0x0862, 0x0862, 0x0882, 0x0882, 0x0882, 0x08A3, 0x08A3, 0x08A3, 0x08C3, 0x08E3, 0x0082, 0x3249,
  0xAE7C, 0xA63A, 0x9E1A, 0xAE7B, 0xB63A, 0x1986, 0x0904, 0x0924, 0x8D15, 0xBEBC, 0xAE3B, 0xAE5B,
  0xA61A, 0x95FA, 0x8D78, 0x2208, 0x0965, 0x11C6, 0x0985, 0x2A69, 0x9E1A, 0x9E1A, 0x9E1A, 0x9E1A,
  0xB67B, 0x3B0B, 0x09A6, 0x1A07, 0x11A6, 0x33AD, 0x55B5, 0x5554, 0x5554, 0x55B5, 0x338D, 0x11A6,
  0x1A07, 0x44B1, 0x4533, 0x4512, 0x4532, 0x4491, 0x11C6, 0x11C6, 0x1185, 0x2248, 0x3CD1, 0x34B1,
  0x3490, 0x4512, 0x6533, 0x11A6, 0x0945, 0x1165, 0x1145, 0x1145, 0x1144, 0x1124, 0x1124, 0x1A07,
  0x1A08, 0x1A07, 0x19E7, 0x19E7, 0x1124, 0x08C3, 0x08C3, 0x08C3, 0x08A3, 0x08A3, 0x08A3, 0x0882,
  0x0882, 0x0882, 0x0862, 0x0862, 0x0862, 0x0862, 0x0862, 0x0862, 0x0862, 0x0862, 0x0862, 0x0862,
  0x0862, 0x0862, 0x0862, 0x0862, 0x0862, 0x0862, 0x0862, 0x0862, 0x0862, 0x0862, 0x0862, 0x0862,
  0x0862, 0x0862, 0x0862, 0x0862, 0x0862, 0x0862, 0x0882, 0x0882, 0x0882, 0x08A3, 0x08A3, 0x08C3,
  0x08C3, 0x08E3, 0x0082, 0x324A, 0xAE7C, 0xA63A, 0x9E3A, 0xA65B, 0xB63A, 0x19A6, 0x00C2, 0x6C52,
  0xBEDD, 0xAE5B, 0xAE3B, 0x9DD9, 0x8DB9, 0x8D99, 0x2A6A, 0x0964, 0x11A6, 0x11C6, 0x0965, 0x4B6D,
  0xA65B, 0x9DFA, 0x9E1A, 0x9E1A, 0x9DD9, 0x2228, 0x11E6, 0x1207, 0x11E6, 0x4491, 0x5595, 0x5554,
  0x5574, 0x5594, 0x22CA, 0x11E6, 0x11E6, 0x3C2F, 0x4533, 0x4512, 0x4512, 0x4512, 0x1A28, 0x11A6,
  0x11C6, 0x19E7, 0x3C50, 0x3CB1, 0x3CB1, 0x34D1, 0x5D74, 0x2248, 0x0944, 0x1165, 0x1165, 0x1145,
  0x1145, 0x1124, 0x0924, 0x08E3, 0x08E3, 0x08C3, 0x08C3, 0x08C3, 0x08E3, 0x08E3, 0x08C3, 0x08C3,
  0x08C3, 0x08A3, 0x08A3, 0x0882, 0x0882, 0x0882, 0x0862, 0x0862, 0x0862, 0x0862, 0x0862, 0x0862,
  0x0862, 0x0862, 0x0862, 0x0862, 0x0862, 0x0862, 0x0862, 0x0862, 0x0862, 0x0862, 0x0862, 0x0862,
  0x0862, 0x0862, 0x0862, 0x0862, 0x0862, 0x0862, 0x0862, 0x0862, 0x0862, 0x0882, 0x0882, 0x0882,
  0x0882, 0x08A3, 0x08A3, 0x08C3, 0x08C3, 0x08E3, 0x00A2, 0x324A, 0xAE7C, 0xA63A, 0xA63A, 0xA65B,
  0xB65A, 0x1124, 0x536E, 0xB69D, 0x9DFA, 0x95D9, 0x95B9, 0x8DB9, 0x9E1A, 0x430C, 0x0944, 0x11A6,
  0x11A6, 0x11C6, 0x0965, 0x7493, 0xAE5C, 0x9DFA, 0x9DFA, 0xA65B, 0x7CF5, 0x11C6, 0x1A07, 0x11E7,
  0x1A48, 0x4D33, 0x5574, 0x5554, 0x5574, 0x4D13, 0x1A28, 0x1207, 0x11C6, 0x338D, 0x4553, 0x4512,
  0x4512, 0x4553, 0x22CA, 0x11A6, 0x11C6, 0x11A6, 0x33EE, 0x3CD1, 0x3CD1, 0x34D1, 0x4553, 0x32EA,
  0x0903, 0x1185, 0x1165, 0x1145, 0x1145, 0x1144, 0x1124, 0x1124, 0x1124, 0x0904, 0x0904, 0x0904,
  0x08E3, 0x08E3, 0x08C3, 0x08C3, 0x08C3, 0x08A3, 0x08A3, 0x0882, 0x0882, 0x0882, 0x0882, 0x0862,
  0x0862, 0x0862, 0x0862, 0x0862, 0x0862, 0x0862, 0x0862, 0x0862, 0x0862, 0x0862, 0x0862, 0x0862,
  0x0862, 0x0862, 0x0862, 0x0862, 0x0862, 0x0862, 0x0862, 0x0862, 0x0862, 0x0862, 0x0862, 0x0862,
  0x0862, 0x0882, 0x0882, 0x0882, 0x08A2, 0x08A3, 0x08A3, 0x08C3, 0x08C3, 0x08E3, 0x00A2, 0x324A,
  0xA67B, 0x9E3A, 0xA63A, 0xA65B, 0xA5D9, 0x534D, 0xA63B, 0x8D99, 0x8578, 0x8D99, 0x8DB9, 0x9E3B,
  0x53AF, 0x0924, 0x11A6, 0x11A6, 0x11A6, 0x11A6, 0x11C6, 0x8D77, 0xA63B, 0x9DFA, 0x9DFA, 0xA65C,
  0x53D0, 0x09A5, 0x1A27, 0x11E6, 0x2AEA, 0x5595, 0x4D74, 0x4D74, 0x5595, 0x4450, 0x11E7, 0x1A28,
  0x11E6, 0x2B2B, 0x4553, 0x44F2, 0x44F2, 0x4553, 0x2B4C, 0x1185, 0x11E7, 0x1185, 0x2B8D, 0x3D12,
  0x3CD1, 0x34D1, 0x3CF1, 0x4450, 0x2228, 0x0924, 0x0924, 0x1165, 0x1165, 0x1144, 0x1124, 0x0924,
  0x0924, 0x0904, 0x0904, 0x08E4, 0x08E3, 0x08E3, 0x08E3, 0x08C3, 0x08C3, 0x08A3, 0x08A3, 0x08A2,
  0x0882, 0x0882, 0x0882, 0x0862, 0x0862, 0x0862, 0x0862, 0x0862, 0x0862, 0x0862, 0x0862, 0x0862,
  0x0862, 0x0862, 0x0862, 0x0862, 0x0862, 0x0862, 0x0862, 0x0862, 0x0862, 0x0862, 0x0862, 0x0862,
  0x0862, 0x0862, 0x0862, 0x0862, 0x0862, 0x0882, 0x0882, 0x0882, 0x08A3, 0x08A3, 0x08A3, 0x08C3,
  0x08C3, 0x08E3, 0x00A2, 0x324A, 0xA67C, 0x9E1A, 0xA63A, 0xA63B, 0xA61A, 0x95B9, 0x8D98, 0x8D98,
  0x8DB9, 0x8D99, 0x95FB, 0x6432, 0x0944, 0x1186, 0x11A6, 0x11A6, 0x11C6, 0x09A5, 0x2A69, 0x9DFA,
  0x9E1A, 0x9E1A, 0x9E1A, 0xA63B, 0x32EB, 0x11C6, 0x1A28, 0x11E6, 0x3BCE, 0x55B5, 0x4D54, 0x4D54,
  0x55B5, 0x338D, 0x11E6, 0x1A28, 0x1207, 0x22A9, 0x4512, 0x4512, 0x4512, 0x4553, 0x33CE, 0x11A6,
  0x11E7, 0x1185, 0x2B0B, 0x3D33, 0x3CD1, 0x4512, 0x4D33, 0x5553, 0x5553, 0x4450, 0x2AA9, 0x1145,
  0x0904, 0x0944, 0x1145, 0x1144, 0x1124, 0x1124, 0x1104, 0x1104, 0x0904, 0x08E3, 0x08E3, 0x08C3,
  0x08C3, 0x08A3, 0x08A3, 0x08A3, 0x0882, 0x0882, 0x0882, 0x0862, 0x0862, 0x0862, 0x0862, 0x0862,
  0x0862, 0x0862, 0x0862, 0x0862, 0x0862, 0x0862, 0x0862, 0x0862, 0x0862, 0x0862, 0x0862, 0x0862,
  0x0862, 0x0862, 0x0862, 0x0862, 0x0862, 0x0862, 0x0862, 0x0862, 0x0862, 0x0882, 0x0882, 0x0882,
  0x08A3, 0x08A3, 0x08A3, 0x08C3, 0x08C3, 0x08E4, 0x00A2, 0x324A, 0xAE7C, 0x9E1A, 0xA63B, 0xA63B,
  0x95FA, 0x8D98, 0x8DB9, 0x95B9, 0x8DB9, 0x95FA, 0x6CB4, 0x1165, 0x1185, 0x11A6, 0x11A6, 0x11A6,
  0x11C6, 0x0985, 0x4B6E, 0xA63B, 0x9DFA, 0x9E1A, 0x9E3B, 0x95B8, 0x1A28, 0x1207, 0x1A27, 0x1207,
  0x4491, 0x5595, 0x4D54, 0x4D74, 0x5594, 0x2AEA, 0x1207, 0x1A28, 0x1227, 0x1A48, 0x44D1, 0x4532,
  0x4512, 0x4512, 0x3C4F, 0x11C6, 0x11E7, 0x11A6, 0x2268, 0x4553, 0x4D53, 0x5553, 0x5553, 0x5553,
  0x5574, 0x5DB5, 0x5DD5, 0x4C91, 0x2AAA, 0x1145, 0x08E3, 0x08E3, 0x08C3, 0x08C3, 0x00A3, 0x00A2,
  0x08E3, 0x08E3, 0x08E3, 0x08C3, 0x08C3, 0x08A3, 0x08A3, 0x08A3, 0x0882, 0x0882, 0x0882, 0x0862,
  0x0862, 0x0862, 0x0862, 0x0862, 0x0862, 0x0862, 0x0862, 0x0862, 0x0862, 0x0862, 0x0862, 0x0862,
  0x0862, 0x0862, 0x0862, 0x0862, 0x0862, 0x0862, 0x0862, 0x0862, 0x0862, 0x0862, 0x0862, 0x0862,
  0x0862, 0x0882, 0x0882, 0x0882, 0x08A3, 0x08A3, 0x08C3, 0x08C3, 0x08C3, 0x08E4, 0x00A2, 0x326A,
  0xAE7C, 0xA63A, 0x9E3A, 0xA63B, 0x8DB9, 0x8599, 0x95B9, 0x8DB9, 0x95FA, 0x8557, 0x19A6, 0x0965,
  0x11A6, 0x1185, 0x1186, 0x11A6, 0x11C6, 0x0985, 0x6C73, 0xA65B, 0x9DFA, 0x9DFA, 0xA65B, 0x74D4,
  0x11C6, 0x1A28, 0x1207, 0x1A68, 0x4D33, 0x4D74, 0x4D74, 0x4D74, 0x4D12, 0x1A68, 0x1A27, 0x1A28,
  0x1A28, 0x1A07, 0x3C90, 0x4532, 0x3CF2, 0x4512, 0x44D1, 0x1A28, 0x11C6, 0x11C6, 0x11C6, 0x2B0B,
  0x3C6F, 0x44F2, 0x44F2, 0x4512, 0x4512, 0x4512, 0x44F2, 0x4532, 0x4533, 0x3C90, 0x3B4C, 0x3AEB,
  0x3AEB, 0x3AEB, 0x3AEB, 0x3B0B, 0x1145, 0x08E3, 0x08E3, 0x08C3, 0x08C3, 0x08C3, 0x08A3, 0x08A3,
  0x0882, 0x0882, 0x0882, 0x0862, 0x0862, 0x0862, 0x0862, 0x0862, 0x0862, 0x0862, 0x0862, 0x0862,
  0x0862, 0x0862, 0x0862, 0x0862, 0x0862, 0x0862, 0x0862, 0x0862, 0x0862, 0x0862, 0x0862, 0x0862,
  0x0862, 0x0862, 0x0862, 0x0862, 0x0882, 0x0882, 0x0882, 0x0882, 0x08A3, 0x08A3, 0x08C3, 0x08C3,
  0x08C3, 0x08E4, 0x00A2, 0x3249, 0xAE7C, 0xA63A, 0xA63B, 0x9E1A, 0x8DB9, 0x8DB9, 0x8DB9, 0x95D9,
  0x95D9, 0x2A29, 0x0924, 0x11A6, 0x0965, 0x19E7, 0x19E7, 0x11A6, 0x11C6, 0x11C6, 0x8D57, 0x9E3B,
  0x9E1A, 0x9E1A, 0xA65B, 0x53CF, 0x09C6, 0x1A48, 0x1207, 0x2B0B, 0x5595, 0x4D74, 0x4D74, 0x5594,
  0x4470, 0x1227, 0x1A48, 0x1A48, 0x1A48, 0x1207, 0x33EE, 0x4532, 0x44F2, 0x4512, 0x4512, 0x1A48,
  0x11A6, 0x19E7, 0x11C6, 0x1185, 0x11C6, 0x2B2B, 0x3CD1, 0x3D12, 0x3CB1, 0x3490, 0x3490, 0x2C70,
  0x44F2, 0x6DD5, 0x8657, 0x8637, 0x8637, 0x7E37, 0x7E57, 0x65D5, 0x19C7, 0x08C3, 0x08E3, 0x08C3,
  0x08C3, 0x08C3, 0x08A3, 0x08A3, 0x0882, 0x0882, 0x0882, 0x0882, 0x0862, 0x0862, 0x0862, 0x0862,
  0x0862, 0x0862, 0x0862, 0x0862, 0x0862, 0x0862, 0x0862, 0x0862, 0x0862, 0x0862, 0x0862, 0x0862,
  0x0862, 0x0862, 0x0862, 0x0862, 0x0862, 0x0862, 0x0862, 0x0862, 0x0882, 0x0882, 0x0882, 0x0882,
  0x08A3, 0x08A3, 0x08C3, 0x08C3, 0x08C3, 0x08E4, 0x00A2, 0x29E8, 0xA63B, 0x9E1A, 0xA63B, 0x9E1A,
  0x8DB9, 0x8DB9, 0x8DB9, 0x95FA, 0x3ACB, 0x0104, 0x1186, 0x0965, 0x11A6, 0x6432, 0x19C6, 0x11A6,
  0x11A5, 0x2A69, 0x9E1A, 0x9DFA, 0x9E1A, 0x9E1A, 0x9E1A, 0x32CB, 0x11E6, 0x1A48, 0x11E7, 0x3BEE,
  0x55B5, 0x4D54, 0x4D74, 0x5595, 0x33AD, 0x1227, 0x1A68, 0x1A48, 0x1A48, 0x1207, 0x2B6C, 0x4533,
  0x44F2, 0x3CF2, 0x4532, 0x43EE, 0x11C6, 0x0985, 0x11C6, 0x11C6, 0x11A6, 0x1165, 0x1A07, 0x338D,
  0x3CD1, 0x3CD1, 0x3CD1, 0x5553, 0x75F6, 0x7DF6, 0x7DD5, 0x7DB6, 0x7DD6, 0x75B5, 0x44D1, 0x3490,
  0x1186, 0x08C3, 0x08E3, 0x08C3, 0x08C3, 0x08C3, 0x08A3, 0x08A3, 0x0882, 0x0882, 0x0882, 0x0882,
  0x0862, 0x0862, 0x0862, 0x0862, 0x0862, 0x0862, 0x0862, 0x0862, 0x0862, 0x0862, 0x0862, 0x0862,
  0x0862, 0x0862, 0x0862, 0x0862, 0x0862, 0x0862, 0x0862, 0x0862, 0x0862, 0x0862, 0x0862, 0x0862,
  0x0882, 0x0882, 0x0882, 0x0882, 0x08A3, 0x08A3, 0x08C3, 0x08C3, 0x08C3, 0x08E3, 0x08C3, 0x21A7,
  0x9E1A, 0x9E1A, 0xA63B, 0x95DA, 0x8DB9, 0x8DB9, 0x961B, 0x4B6E, 0x0103, 0x1185, 0x1185, 0x0124,
  0x7CD4, 0x6C73, 0x0944, 0x19C7, 0x0985, 0x4B4E, 0xA65B, 0x9DFA, 0x9DFA, 0x9E1A, 0x8D98, 0x1A28,
  0x1207, 0x1A28, 0x1207, 0x4491, 0x5594, 0x4D74, 0x4D74, 0x5594, 0x2B0B, 0x1248, 0x1A68, 0x1A48,
  0x1A48, 0x1207, 0x2B0B, 0x4532, 0x3CD1, 0x4512, 0x6DD5, 0x8637, 0x6533, 0x3B2C, 0x19E7, 0x11C6,
  0x11C6, 0x11A6, 0x1185, 0x0945, 0x19E7, 0x44B1, 0x75F6, 0x7E16, 0x75D5, 0x6DD5, 0x75D5, 0x7DD6,
  0x7DD6, 0x4D12, 0x34B1, 0x3CB0, 0x1165, 0x08C3, 0x08E3, 0x08C3, 0x08C3, 0x08C3, 0x08A3, 0x08A3,
  0x0882, 0x0882, 0x0882, 0x0882, 0x0862, 0x0862, 0x0862, 0x0862, 0x0862, 0x0862, 0x0862, 0x0862,
  0x0862, 0x0862, 0x0862, 0x0862, 0x0862, 0x0862, 0x0862, 0x0862, 0x0862, 0x0862, 0x0862, 0x0862,
  0x0862, 0x0862, 0x0862, 0x0862, 0x0882, 0x0882, 0x0882, 0x0882, 0x08A3, 0x08A3, 0x08C3, 0x08C3,
  0x08C3, 0x08E3, 0x08C3, 0x1966, 0x95D9, 0x9E3B, 0x9E1A, 0x95D9, 0x8DB9, 0x9E3B, 0x6432, 0x0904,
  0x1165, 0x1186, 0x0123, 0x5BAF, 0xB6DD, 0x3AEC, 0x0965, 0x19C6, 0x0985, 0x6C72, 0xA65B, 0x9DFA,
  0x9DFA, 0xA63B, 0x74B4, 0x11C6, 0x1A28, 0x1227, 0x1A69, 0x4D33, 0x4D54, 0x4D54, 0x4D94, 0x4D53,
  0x1A89, 0x1A68, 0x1A68, 0x1A68, 0x1A48, 0x1227, 0x2289, 0x4533, 0x5574, 0x6DD5, 0x6DB5, 0x6574,
  0x65B5, 0x65B5, 0x2ACA, 0x11A5, 0x11C6, 0x11A6, 0x1185, 0x11A6, 0x22EB, 0x44D1, 0x4D33, 0x6574,
  0x75D6, 0x75D6, 0x75F6, 0x75D5, 0x4532, 0x3CD1, 0x3CF2, 0x3CB1, 0x1145, 0x08E3, 0x08E3, 0x08C3,
  0x08C3, 0x08C3, 0x08A3, 0x08A3, 0x0882, 0x0882, 0x0882, 0x0882, 0x0862, 0x0862, 0x0862, 0x0862,
  0x0862, 0x0862, 0x0862, 0x0862, 0x0862, 0x0862, 0x0862, 0x0862, 0x0862, 0x0862, 0x0862, 0x0862,
  0x0862, 0x0862, 0x0862, 0x0862, 0x0862, 0x0862, 0x0862, 0x0862, 0x0882, 0x0882, 0x0882, 0x0882,
  0x08A3, 0x08A3, 0x08C3, 0x08C3, 0x08C3, 0x08E3, 0x08E3, 0x1104, 0x9598, 0xA65B, 0x9DFA, 0x8D99,
  0x961A, 0x7CD5, 0x1144, 0x0945, 0x1165, 0x0103, 0x3AEC, 0xAE7C, 0x95D9, 0x2208, 0x1185, 0x11C6,
  0x11C6, 0x8D77, 0x9E3B, 0x9DFA, 0x9DFA, 0xA65B, 0x4BAF, 0x09C6, 0x1A28, 0x1207, 0x2B2B, 0x5594,
  0x4D53, 0x4D33, 0x5594, 0x4490, 0x1A48, 0x1A68, 0x1A68, 0x332C, 0x1A48, 0x1207, 0x2289, 0x5553,
  0x5D74, 0x44F2, 0x3CB1, 0x3CF2, 0x3C70, 0x1A68, 0x11A6, 0x11C6, 0x11C6, 0x1165, 0x1A28, 0x2BAE,
  0x3470, 0x44D1, 0x3CD1, 0x3CF2, 0x4512, 0x65B5, 0x6D74, 0x3C70, 0x3470, 0x3C90, 0x3CD1, 0x3C4F,
  0x1124, 0x08E3, 0x08E3, 0x08C3, 0x08C3, 0x08C3, 0x08A3, 0x08A3, 0x0882, 0x0882, 0x0882, 0x0882,
  0x0862, 0x0862, 0x0862, 0x0862, 0x0862, 0x0862, 0x0862, 0x0862, 0x0862, 0x0862, 0x0862, 0x0862,
  0x0862, 0x0862, 0x0862, 0x0862, 0x0862, 0x0862, 0x0862, 0x0862, 0x0862, 0x0862, 0x0862, 0x0862,
  0x0882, 0x0882, 0x0882, 0x0882, 0x08A3, 0x08A3, 0x08C3, 0x08C3, 0x08C3, 0x08E3, 0x08E4, 0x08E3,
  0x8D36, 0xAE7C, 0x8DB9, 0x8DBA, 0x8557, 0x1986, 0x0924, 0x1165, 0x0924, 0x2A49, 0xA61A, 0xA65C,
  0x74F5, 0x1185, 0x11A6, 0x1185, 0x2A69, 0x9DFA, 0x9E1A, 0x9DFA, 0x9DFA, 0x9E1A, 0x32CA, 0x11E6,
  0x1A28, 0x11E6, 0x3BEE, 0x55B5, 0x4D54, 0x4D33, 0x5574, 0x33AD, 0x1227, 0x1A48, 0x22A9, 0x4490,
  0x1207, 0x22A9, 0x3C90, 0x4512, 0x3CD1, 0x3CF1, 0x4532, 0x340E, 0x1A07, 0x11A6, 0x11C6, 0x11C6,
  0x1185, 0x22AA, 0x3450, 0x2C50, 0x3C91, 0x44F2, 0x44D1, 0x44D1, 0x4573, 0x342F, 0x11A6, 0x1145,
  0x1165, 0x1165, 0x1145, 0x1125, 0x08E4, 0x08E3, 0x08E3, 0x08C3, 0x08C3, 0x08C3, 0x08A3, 0x08A3,
  0x0882, 0x0882, 0x0882, 0x0882, 0x0862, 0x0862, 0x0862, 0x0862, 0x0862, 0x0862, 0x0862, 0x0862,
  0x0862, 0x0862, 0x0862, 0x0862, 0x0862, 0x0862, 0x0862, 0x0862, 0x0862, 0x0862, 0x0862, 0x0862,
  0x0862, 0x0862, 0x0862, 0x0862, 0x0882, 0x0882, 0x0882, 0x0882, 0x08A3, 0x08A3, 0x08C3, 0x08C3,
  0x08C3, 0x08E3, 0x0904, 0x00A2, 0x7CB4, 0xAE7C, 0x8DB9, 0x8DB9, 0x2A08, 0x0903, 0x1165, 0x0945,
  0x1145, 0x9577, 0xAE7C, 0xA63B, 0x5BF1, 0x0944, 0x19C6, 0x0965, 0x4B6E, 0xA63B, 0x95D9, 0x9DFA,
  0x9E3B, 0x8D77, 0x1A07, 0x1207, 0x1227, 0x1207, 0x4CB1, 0x5595, 0x4D54, 0x4D54, 0x5554, 0x22EA,
  0x1A48, 0x1227, 0x2B2B, 0x4D53, 0x33AD, 0x44D1, 0x44D1, 0x3CB1, 0x3CF2, 0x4532, 0x338C, 0x11C6,
  0x11C6, 0x11E7, 0x11A6, 0x11C6, 0x2B2C, 0x3450, 0x2C2F, 0x3450, 0x44F2, 0x3CD2, 0x3CF2, 0x44F2,
  0x2B2B, 0x1124, 0x0924, 0x1124, 0x0904, 0x0904, 0x0904, 0x08E4, 0x08E4, 0x08E3, 0x08E3, 0x08C3,
  0x08C3, 0x08C3, 0x08A3, 0x08A3, 0x0882, 0x0882, 0x0882, 0x0882, 0x0862, 0x0862, 0x0862, 0x0862,
  0x0862, 0x0862, 0x0862, 0x0862, 0x0862, 0x0862, 0x0862, 0x0862, 0x0862, 0x0862, 0x0862, 0x0862,
  0x0862, 0x0862, 0x0862, 0x0862, 0x0862, 0x0862, 0x0862, 0x0862, 0x0882, 0x0882, 0x0882, 0x0882,
  0x08A3, 0x08A3, 0x08C3, 0x08C3, 0x08C3, 0x08E3, 0x0904, 0x00A2, 0x63F1, 0xAE7C, 0x9DFA, 0x3ACC,
  0x00E3, 0x1145, 0x1145, 0x1165, 0x0944, 0x8515, 0xA65B, 0xA63B, 0x430D, 0x0944, 0x19C6, 0x0964,
  0x7473, 0xA65B, 0x95D9, 0x95FA, 0xA65B, 0x74B3, 0x09C6, 0x1A27, 0x1207, 0x1A68, 0x4D33, 0x4D74,
  0x4D54, 0x4D74, 0x4D13, 0x1A68, 0x1A48, 0x1207, 0x33AD, 0x4573, 0x4512, 0x4512, 0x3CD1, 0x3CF1,
  0x3C70, 0x22A9, 0x11A6, 0x11E7, 0x11E7, 0x11A6, 0x1A28, 0x2BAE, 0x3450, 0x2C0F, 0x2C0F, 0x3C91,
  0x4512, 0x4533, 0x44D1, 0x2248, 0x0904, 0x1145, 0x1145, 0x1124, 0x0924, 0x0924, 0x0904, 0x0904,
  0x08E4, 0x08E3, 0x08E3, 0x08C3, 0x08C3, 0x08C3, 0x08A3, 0x08A3, 0x0882, 0x0882, 0x0882, 0x0882,
  0x0862, 0x0862, 0x0862, 0x0862, 0x0862, 0x0862, 0x0862, 0x0862, 0x0862, 0x0862, 0x0862, 0x0862,
  0x0862, 0x0862, 0x0862, 0x0862, 0x0862, 0x0862, 0x0862, 0x0862, 0x0862, 0x0862, 0x0862, 0x0862,
  0x0882, 0x0882, 0x0882, 0x0882, 0x08A3, 0x08A3, 0x08C3, 0x08C3, 0x08C3, 0x08E3, 0x0904, 0x00A2,
  0x4B0D, 0xAE9D, 0x536F, 0x00C3, 0x1145, 0x1145, 0x1145, 0x1165, 0x0103, 0x6411, 0xA65B, 0x95B9,
  0x2228, 0x0965, 0x11A6, 0x11A6, 0x9577, 0x9E3B, 0x95DA, 0x95F9, 0xA65B, 0x4B8E, 0x09A5, 0x1A27,
  0x11E6, 0x2B0B, 0x5574, 0x4D54, 0x4D54, 0x55B5, 0x4491, 0x1207, 0x1A48, 0x1207, 0x3C2F, 0x3470,
  0x3C90, 0x4512, 0x4553, 0x342E, 0x1A27, 0x11C6, 0x1207, 0x11E7, 0x11A6, 0x22AA, 0x342F, 0x2C2F,
  0x2C0F, 0x2C0F, 0x2C0F, 0x3CB1, 0x4553, 0x3C70, 0x19C7, 0x0924, 0x1165, 0x1145, 0x1144, 0x1124,
  0x0924, 0x0904, 0x0904, 0x0904, 0x08E4, 0x08E3, 0x08E3, 0x08C3, 0x08C3, 0x08C3, 0x08A3, 0x08A3,
  0x0882, 0x0882, 0x0882, 0x0882, 0x0862, 0x0862, 0x0862, 0x0862, 0x0862, 0x0862, 0x0862, 0x0862,
  0x0862, 0x0862, 0x0862, 0x0862, 0x0862, 0x0862, 0x0862, 0x0862, 0x0862, 0x0862, 0x0862, 0x0862,
  0x0862, 0x0862, 0x0862, 0x0862, 0x0882, 0x0882, 0x0882, 0x0882, 0x08A3, 0x08A3, 0x08C3, 0x08C3,
  0x08C3, 0x08E3, 0x0904, 0x00A2, 0x3AAB, 0x7494, 0x00C3, 0x0924, 0x1145, 0x0904, 0x0924, 0x1165,
  0x0103, 0x430D, 0xA65C, 0x8516, 0x1185, 0x11A6, 0x0985, 0x2A48, 0xB65B, 0x9E1A, 0x95D9, 0x9DFA,
  0x9E1A, 0x2A8A, 0x11C6, 0x1A07, 0x11C6, 0x3BCE, 0x5574, 0x4D33, 0x4D53, 0x55B5, 0x33AD, 0x11E7,
  0x1A28, 0x1A68, 0x3C70, 0x2BAD, 0x3450, 0x4532, 0x33AD, 0x11E7, 0x11E7, 0x1207, 0x11C6, 0x11E6,
  0x2B4C, 0x3470, 0x342F, 0x340F, 0x342F, 0x2C0F, 0x3470, 0x4512, 0x336C, 0x1165, 0x0944, 0x1165,
  0x1145, 0x1145, 0x1145, 0x1145, 0x1124, 0x1124, 0x0904, 0x0904, 0x08E4, 0x08E3, 0x08E3, 0x08C3,
  0x08C3, 0x08C3, 0x08A3, 0x08A3, 0x0882, 0x0882, 0x0882, 0x0882, 0x0862, 0x0862, 0x0862, 0x0862,
  0x0862, 0x0862, 0x0862, 0x0862, 0x0862, 0x0862, 0x0862, 0x0862, 0x0862, 0x0862, 0x0862, 0x0862,
  0x0862, 0x0862, 0x0862, 0x0862, 0x0862, 0x0862, 0x0862, 0x0862, 0x0862, 0x0882, 0x0882, 0x0882,
  0x08A3, 0x08A3, 0x08A3, 0x08C3, 0x08C3, 0x08E3, 0x08E3, 0x08E3, 0x1965, 0x1945, 0x0903, 0x1145,
  0x00C3, 0x3AAA, 0x326A, 0x0924, 0x0924, 0x2A49, 0x9E3B, 0x5C11, 0x0944, 0x11A6, 0x0944, 0x4B4D,
  0xBEBC, 0x9E1A, 0x8DD9, 0x9E1A, 0x8557, 0x11E7, 0x11E7, 0x11E7, 0x11E7, 0x44B1, 0x5574, 0x4D33,
  0x4D33, 0x5554, 0x22CA, 0x1207, 0x1207, 0x230B, 0x3CB1, 0x2BAE, 0x340F, 0x2AEA, 0x11C6, 0x1207,
  0x1207, 0x11C6, 0x1A28, 0x2BAD, 0x3450, 0x2C2F, 0x2C2F, 0x2C0F, 0x2C0F, 0x2C2F, 0x44F2, 0x2AEB,
  0x0924, 0x1165, 0x1165, 0x1165, 0x1145, 0x0924, 0x08E3, 0x08E3, 0x08C3, 0x08C3, 0x08C3, 0x0904,
  0x08E4, 0x08E3, 0x08E3, 0x08C3, 0x08C3, 0x08A3, 0x08A3, 0x08A3, 0x0882, 0x0882, 0x0882, 0x0862,
  0x0862, 0x0862, 0x0862, 0x0862, 0x0862, 0x0862, 0x0862, 0x0862, 0x0862, 0x0862, 0x0862, 0x0862,
  0x0862, 0x0862, 0x0862, 0x0862, 0x0862, 0x0862, 0x0862, 0x0862, 0x0862, 0x0862, 0x0862, 0x0862,
  0x0862, 0x0882, 0x0882, 0x0882, 0x08A3, 0x08A3, 0x08A3, 0x08C3, 0x08C3, 0x08E3, 0x08E3, 0x0904,
  0x08E3, 0x08E4, 0x1124, 0x0903, 0x1165, 0xB65B, 0x5BAF, 0x00E3, 0x1165, 0x19A6, 0x95B9, 0x430D,
  0x0924, 0x11A6, 0x0944, 0x6C52, 0xBEBD, 0xA61A, 0x8DD9, 0x9E3B, 0x6452, 0x0985, 0x1207, 0x11C6,
  0x2268, 0x5554, 0x4D74, 0x4D54, 0x4D54, 0x4CD2, 0x1A28, 0x1227, 0x11E6, 0x338D, 0x3470, 0x2C0F,
  0x2BAD, 0x11E6, 0x1207, 0x1207, 0x11C6, 0x22AA, 0x342F, 0x2C2F, 0x2C0F, 0x2C0F, 0x2C0F, 0x2C0F,
  0x2C0F, 0x3490, 0x4D32, 0x11A6, 0x1165, 0x1165, 0x1165, 0x1165, 0x0924, 0x2A49, 0x5450, 0x43EE,
  0x43CE, 0x4C0F, 0x3B6D, 0x08E4, 0x08E4, 0x08E3, 0x08E3, 0x08C3, 0x08C3, 0x08A3, 0x08A3, 0x08A3,
  0x0882, 0x0882, 0x0882, 0x0862, 0x0862, 0x0862, 0x0862, 0x0862, 0x0862, 0x0862, 0x0862, 0x0862,
  0x0862, 0x0862, 0x0862, 0x0862, 0x0862, 0x0862, 0x0862, 0x0862, 0x0862, 0x0862, 0x0862, 0x0862,
  0x0862, 0x0862, 0x0862, 0x0862, 0x0862, 0x0882, 0x0882, 0x0882, 0x08A2, 0x08A3, 0x08A3, 0x08C3,
  0x08C3, 0x08E3, 0x08E3, 0x08E3, 0x08E4, 0x1104, 0x0904, 0x08E3, 0x84F5, 0xBEFE, 0x7C93, 0x0103,
  0x1165, 0x0944, 0x7CD4, 0x2A49, 0x0944, 0x1186, 0x1165, 0x8D56, 0xB67C, 0xA63B, 0x8DD9, 0xA63B,
  0x4B6E, 0x0985, 0x1A07, 0x11A6, 0x2B0B, 0x5594, 0x4D54, 0x4D54, 0x5594, 0x3C2F, 0x11E6, 0x1227,
  0x11E7, 0x33AD, 0x2C2F, 0x2C0F, 0x33CE, 0x1A27, 0x11E7, 0x11C6, 0x22CA, 0x3491, 0x2C2F, 0x2C0F,
  0x2C0F, 0x2C0F, 0x2BEF, 0x3450, 0x22EA, 0x334C, 0x5D94, 0x19E7, 0x0945, 0x1165, 0x1165, 0x1165,
  0x08E3, 0x4BEE, 0x7E57, 0x6DD6, 0x7616, 0x65F6, 0x33AD, 0x08C3, 0x0904, 0x08E3, 0x08E3, 0x08C3,
  0x08C3, 0x08A3, 0x08A3, 0x08A2, 0x0882, 0x0882, 0x0882, 0x0862, 0x0862, 0x0862, 0x0862, 0x0862,
  0x0862, 0x0862, 0x0862, 0x0862, 0x0862, 0x0862, 0x0862, 0x0862, 0x0862, 0x0862, 0x0862, 0x0862,
  0x0862, 0x0862, 0x0862, 0x0862, 0x0862, 0x0862, 0x0862, 0x0862, 0x0862, 0x0882, 0x0882, 0x0882,
  0x08A2, 0x08A3, 0x08A3, 0x08C3, 0x08C3, 0x08C3, 0x08E3, 0x08E3, 0x0904, 0x0904, 0x00A2, 0x7452,
  0xBEBD, 0xAE5B, 0xA5D9, 0x1165, 0x1145, 0x0944, 0x4B2D, 0x19C6, 0x1165, 0x0965, 0x2207, 0xA61A,
  0xAE5B, 0xA63B, 0x95D9, 0x9DFA, 0x2A69, 0x11A6, 0x19E7, 0x11A6, 0x3BCE, 0x5574, 0x4D54, 0x4D54,
  0x55B5, 0x338D, 0x11C6, 0x1207, 0x1207, 0x1A89, 0x2BAD, 0x340F, 0x33EF, 0x1A48, 0x11E7, 0x11A6,
  0x2AEB, 0x4512, 0x3CB1, 0x3490, 0x342F, 0x2C0F, 0x2BCE, 0x2289, 0x1145, 0x1A08, 0x5533, 0x2228,
  0x0944, 0x1165, 0x1165, 0x1145, 0x1124, 0x5CD2, 0x6DB5, 0x6DB5, 0x6574, 0x4512, 0x2269, 0x08A3,
  0x0904, 0x08E3, 0x08C3, 0x08C3, 0x08C3, 0x08A3, 0x08A3, 0x08A2, 0x0882, 0x0882, 0x0882, 0x0862,
  0x0862, 0x0862, 0x0862, 0x0862, 0x0862, 0x0862, 0x0862, 0x0862, 0x0862, 0x0862, 0x0862, 0x0862,
  0x0862, 0x0862, 0x0862, 0x0862, 0x0862, 0x0862, 0x0862, 0x0862, 0x0862, 0x0862, 0x0862, 0x0862,
  0x0862, 0x0882, 0x0882, 0x0882, 0x0882, 0x08A3, 0x08A3, 0x08C3, 0x08C3, 0x08C3, 0x08E3, 0x08E3,
  0x0904, 0x08C3, 0x63D0, 0xBEBD, 0xAE3B, 0xAE5B, 0xB67C, 0x3249, 0x0904, 0x1165, 0x1185, 0x1165,
  0x1185, 0x0924, 0x42EC, 0xB69C, 0xAE3B, 0xA63B, 0x95FA, 0x8537, 0x11C6, 0x11C6, 0x11C6, 0x11C6,
  0x4491, 0x4D74, 0x4D54, 0x4D54, 0x5574, 0x2289, 0x11A6, 0x1207, 0x1207, 0x11E6, 0x11E7, 0x22CA,
  0x340F, 0x22AA, 0x11C6, 0x11C6, 0x2248, 0x44D2, 0x4512, 0x4532, 0x4532, 0x3CB1, 0x1A28, 0x1165,
  0x1186, 0x1186, 0x44B1, 0x2289, 0x0924, 0x1165, 0x1165, 0x0924, 0x19C7, 0x6594, 0x65B5, 0x5D74,
  0x44F2, 0x44F2, 0x19A6, 0x08C3, 0x08E4, 0x08E3, 0x08C3, 0x08C3, 0x08C3, 0x08A3, 0x08A3, 0x0882,
  0x0882, 0x0882, 0x0882, 0x0862, 0x0862, 0x0862, 0x0862, 0x0862, 0x0862, 0x0862, 0x0862, 0x0862,
  0x0862, 0x0862, 0x0862, 0x0862, 0x0862, 0x0862, 0x0862, 0x0862, 0x0862, 0x0862, 0x0862, 0x0862,
  0x0862, 0x0862, 0x0862, 0x0862, 0x0862, 0x0862, 0x0882, 0x0882, 0x0882, 0x08A3, 0x08A3, 0x08A3,
  0x08C3, 0x08C3, 0x08E3, 0x08E3, 0x08E3, 0x1104, 0x9598, 0x9E1A, 0xA61A, 0xAE3A, 0xBEBD, 0x5BD0,
  0x00E3, 0x1165, 0x0945, 0x1165, 0x1185, 0x0124, 0x6411, 0xB69C, 0xA63A, 0xAE3B, 0x961B, 0x5C32,
  0x0965, 0x11C6, 0x11A6, 0x1A48, 0x5554, 0x4D54, 0x4D33, 0x44D2, 0x3491, 0x2BAE, 0x1A48, 0x11C6,
  0x11E7, 0x11E7, 0x11E7, 0x11A6, 0x1A48, 0x2269, 0x11C6, 0x11C6, 0x19E7, 0x44B1, 0x4512, 0x44F2,
  0x4532, 0x4512, 0x19E7, 0x1185, 0x1186, 0x0945, 0x3C30, 0x2ACA, 0x0924, 0x1165, 0x1165, 0x0903,
  0x3B0B, 0x7616, 0x5D54, 0x3CB1, 0x3CF2, 0x3C4F, 0x08E4, 0x08E4, 0x08E3, 0x08E3, 0x08C3, 0x08C3,
  0x08A3, 0x08A3, 0x08A3, 0x0882, 0x0882, 0x0882, 0x0862, 0x0862, 0x0862, 0x0862, 0x0862, 0x0862,
  0x0862, 0x0862, 0x0862, 0x0862, 0x0862, 0x0862, 0x0862, 0x0862, 0x0862, 0x0862, 0x0862, 0x0862,
  0x0862, 0x0862, 0x0862, 0x0862, 0x0862, 0x0862, 0x0862, 0x0862, 0x0862, 0x0862, 0x0882, 0x0882,
  0x0882, 0x08A2, 0x08A3, 0x08A3, 0x08C3, 0x08C3, 0x08C3, 0x08E3, 0x0904, 0x00A2, 0x5BD1, 0x8DFA,
  0x8D98, 0x8DB9, 0x95FA, 0x8516, 0x1144, 0x1145, 0x1165, 0x1165, 0x1165, 0x0944, 0x8515, 0xAE7C,
  0xA63A, 0xAE5B, 0x9E3B, 0x3B0D, 0x0965, 0x11C6, 0x1185, 0x334C, 0x55D5, 0x3CB1, 0x3470, 0x3450,
  0x3450, 0x3491, 0x3470, 0x230B, 0x11E6, 0x11C6, 0x11E7, 0x11E7, 0x11C6, 0x11C6, 0x11C6, 0x11C6,
  0x11A6, 0x3C70, 0x4533, 0x44F2, 0x44F2, 0x4512, 0x2269, 0x1165, 0x1186, 0x0924, 0x2B8D, 0x2B2B,
  0x08E3, 0x0945, 0x1165, 0x0904, 0x5C91, 0x6DD5, 0x3CD1, 0x3CB1, 0x3CF2, 0x2B0B, 0x08A3, 0x0904,
  0x08E3, 0x08C3, 0x08C3, 0x08C3, 0x08A3, 0x08A3, 0x08A2, 0x0882, 0x0882, 0x0882, 0x0862, 0x0862,
  0x0862, 0x0862, 0x0862, 0x0862, 0x0862, 0x0862, 0x0862, 0x0862, 0x0862, 0x0862, 0x0862, 0x0862,
  0x0862, 0x0862, 0x0862, 0x0862, 0x0862, 0x0862, 0x0862, 0x0862, 0x0862, 0x0862, 0x0862, 0x0862,
  0x0862, 0x0862, 0x0882, 0x0882, 0x0882, 0x0882, 0x08A3, 0x08A3, 0x08C3, 0x08C3, 0x08C3, 0x08E3,
  0x0904, 0x00A2, 0x326A, 0x95FA, 0x8D99, 0x8599, 0x8599, 0x95DA, 0x2A49, 0x0904, 0x1165, 0x1165,
  0x0945, 0x19A6, 0x95D9, 0xAE5B, 0xAE3A, 0xAE5B, 0xA61A, 0x2249, 0x0985, 0x11C6, 0x11A6, 0x1A68,
  0x344F, 0x34D1, 0x3470, 0x3450, 0x3470, 0x3450, 0x3470, 0x3490, 0x2BCE, 0x2269, 0x11A6, 0x11C6,
  0x11E6, 0x11C6, 0x11C6, 0x11C6, 0x1185, 0x3BEE, 0x4553, 0x44F2, 0x44F2, 0x4533, 0x2B0B, 0x0945,
  0x1186, 0x1144, 0x1A89, 0x44F2, 0x3B6C, 0x1165, 0x00C3, 0x19A6, 0x6D94, 0x44F2, 0x3CB1, 0x3CD1,
  0x3CF1, 0x19C7, 0x08C3, 0x08E4, 0x08E3, 0x08C3, 0x08C3, 0x08C3, 0x08A3, 0x08A3, 0x0882, 0x0882,
  0x0882, 0x0882, 0x0862, 0x0862, 0x0862, 0x0862, 0x0862, 0x0862, 0x0862, 0x0862, 0x0862, 0x0862,
  0x0862, 0x0862, 0x0862, 0x0862, 0x0862, 0x0862, 0x0862, 0x0862, 0x0862, 0x0862, 0x0862, 0x0862,
  0x0862, 0x0862, 0x0862, 0x0862, 0x0862, 0x0862, 0x0882, 0x0882, 0x0882, 0x0882, 0x08A3, 0x08A3,
  0x08A3, 0x08C3, 0x08C3, 0x08E3, 0x08E3, 0x08E3, 0x1124, 0x7D16, 0x8DBA, 0x8DB9, 0x8DB9, 0x95FA,
  0x5BF1, 0x08E3, 0x1165, 0x1165, 0x0924, 0x328A, 0xA65B, 0xA61A, 0xA61A, 0xB6BD, 0x9DB8, 0x1185,
  0x11A6, 0x11A6, 0x11A6, 0x1185, 0x11A6, 0x230B, 0x3490, 0x34D1, 0x3470, 0x3470, 0x3470, 0x2C50,
  0x3470, 0x3470, 0x2B6C, 0x19E7, 0x11A5, 0x11C6, 0x11C6, 0x11C6, 0x1165, 0x2B4C, 0x4553, 0x44F2,
  0x44F2, 0x4553, 0x33EE, 0x1144, 0x1185, 0x1145, 0x11C7, 0x44B1, 0x65D5, 0x5513, 0x2AAA, 0x330B,
  0x4532, 0x3CB1, 0x3CD1, 0x3CF1, 0x3C4F, 0x0904, 0x08E3, 0x08E3, 0x08E3, 0x08C3, 0x08C3, 0x08A3,
  0x08A3, 0x08A3, 0x0882, 0x0882, 0x0882, 0x0882, 0x0862, 0x0862, 0x0862, 0x0862, 0x0862, 0x0862,
  0x0862, 0x0862, 0x0862, 0x0862, 0x0862, 0x0862, 0x0862, 0x0862, 0x0862, 0x0862, 0x0862, 0x0862,
  0x0862, 0x0862, 0x0862, 0x0862, 0x0862, 0x0862, 0x0862, 0x0862, 0x0862, 0x0862, 0x0862, 0x0882,
  0x0882, 0x0882, 0x08A2, 0x08A3, 0x08A3, 0x08C3, 0x08C3, 0x08C3, 0x08E3, 0x0904, 0x00A2, 0x538F,
  0x95FB, 0x8D99, 0x8DB9, 0x8D99, 0x8558, 0x19A6, 0x0924, 0x1165, 0x0103, 0x538F, 0xAE7C, 0xA63B,
  0xAE7C, 0x8D36, 0x328A, 0x0965, 0x11A6, 0x11A6, 0x11A6, 0x11A6, 0x11A6, 0x1185, 0x1A07, 0x2BCD,
  0x3491, 0x3470, 0x3450, 0x3470, 0x3470, 0x3450, 0x3490, 0x340F, 0x22AA, 0x11A6, 0x1185, 0x11C6,
  0x1185, 0x2289, 0x4512, 0x44F2, 0x4512, 0x4553, 0x3C90, 0x1165, 0x1165, 0x1165, 0x1165, 0x44B1,
  0x6594, 0x5DB5, 0x5533, 0x342F, 0x3CD1, 0x3CD1, 0x3CD1, 0x4512, 0x2ACA, 0x08A3, 0x0904, 0x08E3,
  0x08C3, 0x08C3, 0x08C3, 0x08A3, 0x08A3, 0x08A2, 0x0882, 0x0882, 0x0882, 0x0862, 0x0862, 0x0862,
  0x0862, 0x0862, 0x0862, 0x0862, 0x0862, 0x0862, 0x0862, 0x0862, 0x0862, 0x0862, 0x0862, 0x0862,
  0x0862, 0x0862, 0x0862, 0x0862, 0x0862, 0x0862, 0x0862, 0x0862, 0x0862, 0x0862, 0x0862, 0x0862,
  0x0862, 0x0862, 0x0862, 0x0882, 0x0882, 0x0882, 0x0882, 0x08A3, 0x08A3, 0x08C3, 0x08C3, 0x08C3,
  0x08E3, 0x08E4, 0x08C3, 0x21C7, 0x95D9, 0x8DB9, 0x8DB9, 0x8578, 0x8DBA, 0x538F, 0x00E3, 0x1165,
  0x0103, 0x7CB4, 0xBEDD, 0x9DB8, 0x4B2D, 0x0944, 0x0944, 0x1186, 0x1185, 0x1186, 0x11A6, 0x11A6,
  0x11A6, 0x11A6, 0x1185, 0x1185, 0x2289, 0x340F, 0x34B1, 0x3470, 0x3450, 0x3450, 0x2C50, 0x2C50,
  0x3470, 0x2BAD, 0x1A28, 0x1165, 0x1185, 0x1A07, 0x44F2, 0x4512, 0x4512, 0x4532, 0x44F2, 0x19C6,
  0x0945, 0x1165, 0x0924, 0x4470, 0x65D5, 0x5533, 0x2B8D, 0x2BEE, 0x3CD1, 0x3CB1, 0x3CD1, 0x3CD1,
  0x1165, 0x08C3, 0x08E3, 0x08E3, 0x08C3, 0x08C3, 0x08C3, 0x08A3, 0x08A3, 0x0882, 0x0882, 0x0882,
  0x0882, 0x0862, 0x0862, 0x0862, 0x0862, 0x0862, 0x0862, 0x0862, 0x0862, 0x0862, 0x0862, 0x0862,
  0x0862, 0x0862, 0x0862, 0x0862, 0x0862, 0x0862, 0x0862, 0x0862, 0x0862, 0x0862, 0x0862, 0x0862,
  0x0862, 0x0862, 0x0862, 0x0862, 0x0862, 0x0862, 0x0862, 0x0862, 0x0882, 0x0882, 0x0882, 0x08A3,
  0x08A3, 0x08A3, 0x08C3, 0x08C3, 0x08C3, 0x08E3, 0x0904, 0x00A2, 0x6C52, 0x95FA, 0x8D99, 0x8578,
  0x8578, 0x8578, 0x21C7, 0x0903, 0x1986, 0x9598, 0x6C52, 0x19A6, 0x0103, 0x1165, 0x1185, 0x1165,
  0x1186, 0x1186, 0x0944, 0x0944, 0x1186, 0x11A6, 0x11A6, 0x11A6, 0x1185, 0x11C6, 0x2B4C, 0x3490,
  0x3490, 0x2C50, 0x3450, 0x2C30, 0x2C2F, 0x3470, 0x3450, 0x230B, 0x1186, 0x1185, 0x44D1, 0x4533,
  0x4512, 0x4512, 0x4512, 0x1A28, 0x0924, 0x1165, 0x0904, 0x43EE, 0x5D95, 0x2BCE, 0x23AE, 0x2BAE,
  0x3CB1, 0x3CB1, 0x3CF2, 0x336D, 0x08A3, 0x08E4, 0x08E3, 0x08C3, 0x08C3, 0x08C3, 0x08A3, 0x08A3,
  0x08A3, 0x0882, 0x0882, 0x0882, 0x0862, 0x0862, 0x0862, 0x0862, 0x0862, 0x0862, 0x0862, 0x0862,
  0x0862, 0x0862, 0x0862, 0x0862, 0x0862, 0x0862, 0x0862, 0x0862, 0x0862, 0x0862, 0x0862, 0x0862,
  0x0862, 0x0862, 0x0862, 0x0862, 0x0862, 0x0862, 0x0862, 0x0862, 0x0862, 0x0862, 0x0862, 0x0862,
  0x0882, 0x0882, 0x0882, 0x0882, 0x08A3, 0x08A3, 0x08C3, 0x08C3, 0x08C3, 0x08E3, 0x08E4, 0x00A2,
  0x2A08, 0x8DDA, 0x8D99, 0x8578, 0x8558, 0x8DB9, 0x6432, 0x0903, 0x19A6, 0x2A29, 0x00E3, 0x0944,
  0x1165, 0x1165, 0x1165, 0x1185, 0x0944, 0x0924, 0x536E, 0x538F, 0x0965, 0x0965, 0x11A6, 0x11A6,
  0x11A6, 0x1186, 0x1165, 0x1A28, 0x2BAD, 0x3470, 0x3450, 0x3430, 0x3450, 0x3430, 0x3450, 0x3470,
  0x2BEE, 0x1A28, 0x3C70, 0x4553, 0x44F2, 0x3CF2, 0x4533, 0x2ACA, 0x0924, 0x1165, 0x0904, 0x2ACA,
  0x340F, 0x23AD, 0x2BAD, 0x2B8D, 0x3470, 0x3CB1, 0x3CD1, 0x19A6, 0x08C3, 0x08E3, 0x08E3, 0x08C3,
  0x08C3, 0x08C3, 0x08A3, 0x08A3, 0x0882, 0x0882, 0x0882, 0x0882, 0x0862, 0x0862, 0x0862, 0x0862,
  0x0862, 0x0862, 0x0862, 0x0862, 0x0862, 0x0862, 0x0862, 0x0862, 0x0862, 0x0862, 0x0862, 0x0862,
  0x0862, 0x0862, 0x0862, 0x0862, 0x0862, 0x0862, 0x0862, 0x0862, 0x0862, 0x0862, 0x0862, 0x0862,
  0x0862, 0x0862, 0x0862, 0x0862, 0x0882, 0x0882, 0x0882, 0x0882, 0x08A2, 0x08A3, 0x08A3, 0x08C3,
  0x08C3, 0x08C3, 0x08E3, 0x08E4, 0x00A2, 0x6432, 0x8DFA, 0x8558, 0x8578, 0x95DA, 0x8537, 0x19A6,
  0x0904, 0x0904, 0x1165, 0x1145, 0x1145, 0x1165, 0x0945, 0x0103, 0x2208, 0x84F5, 0xB67C, 0xAE5B,
  0x8515, 0x2A49, 0x0924, 0x0965, 0x1186, 0x1186, 0x11A6, 0x1165, 0x1165, 0x2289, 0x342F, 0x3491,
  0x3450, 0x3450, 0x3430, 0x2C2F, 0x3491, 0x3CD1, 0x3450, 0x3CF2, 0x4512, 0x44D1, 0x4533, 0x33AD,
  0x0904, 0x1145, 0x1145, 0x0924, 0x19E7, 0x2B4C, 0x2BEF, 0x23CE, 0x342F, 0x3CF2, 0x338D, 0x08C3,
  0x08E4, 0x08E3, 0x08C3, 0x08C3, 0x08C3, 0x08A3, 0x08A3, 0x08A2, 0x0882, 0x0882, 0x0882, 0x0882,
  0x0862, 0x0862, 0x0862, 0x0862, 0x0862, 0x0862, 0x0862, 0x0862, 0x0862, 0x0862, 0x0862, 0x0862,
  0x0862, 0x0862, 0x0862, 0x0862, 0x0862, 0x0862, 0x0862, 0x0862, 0x0862, 0x0862, 0x0862, 0x0862,
  0x0862, 0x0862, 0x0862, 0x0862, 0x0862, 0x0862, 0x0862, 0x0862, 0x0862, 0x0882, 0x0882, 0x0882,
  0x0882, 0x08A3, 0x08A3, 0x08A3, 0x08C3, 0x08C3, 0x08C3, 0x08E3, 0x00A2, 0x29E8, 0x95D9, 0x8D99,
  0x8D99, 0x5BD0, 0x1965, 0x0904, 0x1124, 0x1145, 0x1144, 0x1145, 0x1165, 0x0103, 0x1185, 0x6C10,
  0xB67B, 0xB69D, 0x95D9, 0x95D9, 0xA63B, 0x9E1A, 0x6411, 0x21E7, 0x1165, 0x1185, 0x1185, 0x1185,
  0x1185, 0x0945, 0x19C6, 0x2B2C, 0x2C2F, 0x3450, 0x3490, 0x3CB1, 0x3CD1, 0x3CD1, 0x2C0F, 0x2BEE,
  0x3470, 0x44F2, 0x4553, 0x3C70, 0x1124, 0x1145, 0x1124, 0x1124, 0x0904, 0x1124, 0x22CA, 0x2BEE,
  0x342F, 0x3CD1, 0x19A6, 0x08C3, 0x08E3, 0x08C3, 0x08C3, 0x08C3, 0x08A3, 0x08A3, 0x08A3, 0x0882,
  0x0882, 0x0882, 0x0882, 0x0862, 0x0862, 0x0862, 0x0862, 0x0862, 0x0862, 0x0862, 0x0862, 0x0862,
  0x0862, 0x0862, 0x0862, 0x0862, 0x0862, 0x0862, 0x0862, 0x0862, 0x0862, 0x0862, 0x0862, 0x0862,
  0x0862, 0x0862, 0x0862, 0x0862, 0x0862, 0x0862, 0x0862, 0x0862, 0x0862, 0x0862, 0x0862, 0x0862,
  0x0862, 0x0862, 0x0882, 0x0882, 0x0882, 0x08A2, 0x08A3, 0x08A3, 0x08C3, 0x08C3, 0x08C3, 0x08C3,
  0x08E4, 0x00A2, 0x6412, 0x7CF6, 0x2A08, 0x00C3, 0x0904, 0x1124, 0x0924, 0x1124, 0x1145, 0x0904,
  0x0903, 0x42EC, 0xA5D9, 0xC6FD, 0xBE9C, 0x9DFA, 0x9DFA, 0x9DFA, 0x95D9, 0xA63B, 0xB69C, 0x538F,
  0x0944, 0x1185, 0x1165, 0x1185, 0x1185, 0x1185, 0x0924, 0x1165, 0x33CE, 0x3CD2, 0x3CF2, 0x3CF2,
  0x3CD2, 0x3491, 0x2BEE, 0x2BEE, 0x2BEE, 0x3450, 0x4512, 0x4512, 0x1185, 0x0924, 0x1124, 0x0924,
  0x1124, 0x0904, 0x08C3, 0x1186, 0x2B6D, 0x2B4C, 0x08A3, 0x08E3, 0x08C3, 0x08C3, 0x08C3, 0x08C3,
  0x08A3, 0x08A3, 0x08A2, 0x0882, 0x0882, 0x0882, 0x0862, 0x0862, 0x0862, 0x0862, 0x0862, 0x0862,
  0x0862, 0x0862, 0x0862, 0x0862, 0x0862, 0x0862, 0x0862, 0x0862, 0x0862, 0x0862, 0x0862, 0x0862,
  0x0862, 0x0862, 0x0862, 0x0862, 0x0862, 0x0862, 0x0862, 0x0862, 0x0862, 0x0862, 0x0862, 0x0862,
  0x0862, 0x0862, 0x0862, 0x0862, 0x0862, 0x0862, 0x0882, 0x0882, 0x0882, 0x0882, 0x08A3, 0x08A3,
  0x08A3, 0x08C3, 0x08C3, 0x08C3, 0x08E3, 0x08C3, 0x1145, 0x1104, 0x00A2, 0x1104, 0x0904, 0x0904,
  0x1124, 0x0904, 0x00C2, 0x29E8, 0x7CD4, 0xB69D, 0xB69C, 0xB67B, 0xAE5B, 0x9DFA, 0x95D9, 0x9DFA,
  0xA65B, 0x8515, 0x3269, 0x0944, 0x1165, 0x1165, 0x1165, 0x1185, 0x0944, 0x1165, 0x2AEA, 0x3C70,
  0x3CD2, 0x3CB1, 0x3CD1, 0x3CD1, 0x3CD1, 0x3450, 0x2BCE, 0x2C0F, 0x2C0F, 0x2C0F, 0x2BEE, 0x3470,
  0x2269, 0x08C3, 0x0904, 0x1124, 0x0904, 0x0904, 0x0904, 0x08C3, 0x0904, 0x1104, 0x08E3, 0x08E3,
  0x08C3, 0x08C3, 0x08C3, 0x08A3, 0x08A3, 0x08A3, 0x0882, 0x0882, 0x0882, 0x0882, 0x0862, 0x0862,
  0x0862, 0x0862, 0x0862, 0x0862, 0x0862, 0x0862, 0x0862, 0x0862, 0x0862, 0x0862, 0x0862, 0x0862,
  0x0862, 0x0862, 0x0862, 0x0862, 0x0862, 0x0862, 0x0862, 0x0862, 0x0862, 0x0862, 0x0862, 0x0862,
  0x0862, 0x0862, 0x0862, 0x0862, 0x0862, 0x0862, 0x0862, 0x0862, 0x0862, 0x0862, 0x0862, 0x0882,
  0x0882, 0x0882, 0x0882, 0x08A3, 0x08A3, 0x08A3, 0x08C3, 0x08C3, 0x08C3, 0x08E3, 0x08C3, 0x08E3,
  0x0904, 0x08E4, 0x1104, 0x1104, 0x00C2, 0x1145, 0x6BF0, 0xB67B, 0xBEBD, 0xAE5B, 0xB67B, 0xB67B,
  0x9DFA, 0x9DF9, 0xAE5B, 0x9DD9, 0x4B6E, 0x0944, 0x0924, 0x1165, 0x1165, 0x1165, 0x0944, 0x0924,
  0x2248, 0x3C4F, 0x4533, 0x3CF2, 0x3CD1, 0x3CD1, 0x3CB1, 0x3CB1, 0x3CF2, 0x3490, 0x2C0F, 0x2C0F,
  0x2C0F, 0x2C0F, 0x2C0F, 0x23CE, 0x3450, 0x338D, 0x1165, 0x08C3, 0x0904, 0x0904, 0x08E4, 0x0904,
  0x08E3, 0x08E3, 0x08E3, 0x08C3, 0x08C3, 0x08C3, 0x08A3, 0x08A3, 0x08A3, 0x0882, 0x0882, 0x0882,
  0x0882, 0x0862, 0x0862, 0x0862, 0x0862, 0x0862, 0x0862, 0x0862, 0x0862, 0x0862, 0x0862, 0x0862,
  0x0862, 0x0862, 0x0862, 0x0862, 0x0862, 0x0862, 0x0862, 0x0862, 0x0862, 0x0862, 0x0862, 0x0862,
  0x0862, 0x0862, 0x0862, 0x0862, 0x0862, 0x0862, 0x0862, 0x0862, 0x0862, 0x0862, 0x0862, 0x0862,
  0x0862, 0x0862, 0x0862, 0x0882, 0x0882, 0x0882, 0x0882, 0x08A2, 0x08A3, 0x08A3, 0x08C3, 0x08C3,
  0x08C3, 0x08C3, 0x08E3, 0x08E3, 0x08E3, 0x08E4, 0x00A3, 0x00C3, 0x42CB, 0x9DB8, 0xC6DD, 0xB69B,
  0xB67B, 0xB67B, 0xB69B, 0x9E1A, 0x9E1A, 0x9E3B, 0x7473, 0x21C7, 0x00E3, 0x1145, 0x1165, 0x1165,
  0x1165, 0x0103, 0x21E8, 0x6452, 0x44F2, 0x3D12, 0x3CD1, 0x3CF2, 0x3CF2, 0x3CD1, 0x3CD2, 0x3CF2,
  0x33CE, 0x22AA, 0x2C0F, 0x2C70, 0x2C0F, 0x2C0F, 0x2C0F, 0x2BEE, 0x2C2F, 0x4573, 0x44F2, 0x22AA,
  0x08E3, 0x08C3, 0x08E4, 0x08E3, 0x08E3, 0x08E3, 0x08C3, 0x08C3, 0x08C3, 0x08C3, 0x08A3, 0x08A3,
  0x08A2, 0x0882, 0x0882, 0x0882, 0x0882, 0x0862, 0x0862, 0x0862, 0x0862, 0x0862, 0x0862, 0x0862,
  0x0862, 0x0862, 0x0862, 0x0862, 0x0862, 0x0862, 0x0862, 0x0862, 0x0862, 0x0862, 0x0862, 0x0862,
  0x0862, 0x0862, 0x0862, 0x0862, 0x0862, 0x0862, 0x0862, 0x0862, 0x0862, 0x0862, 0x0862, 0x0862,
  0x0862, 0x0862, 0x0862, 0x0862, 0x0862, 0x0862, 0x0862, 0x0862, 0x0882, 0x0882, 0x0882, 0x0882,
  0x08A3, 0x08A3, 0x08A3, 0x08C3, 0x08C3, 0x08C3, 0x08C3, 0x08E3, 0x08E3, 0x08E3, 0x3208, 0x8D15,
  0xBEDD, 0xB69C, 0xB65B, 0xB69B, 0xB69B, 0xB69B, 0xB69B, 0xA65B, 0x8516, 0x326A, 0x00E3, 0x0924,
  0x1145, 0x1145, 0x1165, 0x0904, 0x0944, 0x4B4E, 0x95B8, 0x8DD9, 0x3CF2, 0x3CD1, 0x3CD2, 0x3CD2,
  0x3CD2, 0x4533, 0x3C91, 0x2289, 0x1124, 0x0904, 0x1185, 0x230B, 0x2C0F, 0x2C2F, 0x2BEF, 0x2C0F,
  0x2C0F, 0x3CD1, 0x4533, 0x4553, 0x3C0F, 0x1A08, 0x0904, 0x08E3, 0x08E3, 0x08C3, 0x08C3, 0x08C3,
  0x08C3, 0x08A3, 0x08A3, 0x08A3, 0x0882, 0x0882, 0x0882, 0x0882, 0x0862, 0x0862, 0x0862, 0x0862,
  0x0862, 0x0862, 0x0862, 0x0862, 0x0862, 0x0862, 0x0862, 0x0862, 0x0862, 0x0862, 0x0862, 0x0862,
  0x0862, 0x0862, 0x0862, 0x0862, 0x0862, 0x0862, 0x0862, 0x0862, 0x0862, 0x0862, 0x0862, 0x0862,
  0x0862, 0x0862, 0x0862, 0x0862, 0x0862, 0x0862, 0x0862, 0x0862, 0x0862, 0x0862, 0x0862, 0x0862,
  0x0862, 0x0882, 0x0882, 0x0882, 0x0882, 0x08A3, 0x08A3, 0x08A3, 0x08C3, 0x08C3, 0x08C3, 0x08E3,
  0x08C3, 0x1125, 0x95B8, 0xB69C, 0xAE3A, 0xAE5B, 0xB67C, 0xB69C, 0xBE9C, 0xBEDC, 0xA61A, 0x536E,
  0x0924, 0x08E3, 0x1145, 0x1144, 0x1145, 0x0924, 0x00E3, 0x2A29, 0x6C94, 0x8DDA, 0x8D99, 0x8577,
  0x4512, 0x3CF2, 0x3CD1, 0x4512, 0x44F2, 0x334C, 0x1165, 0x0903, 0x1144, 0x1145, 0x0904, 0x08E4,
  0x19C7, 0x2B8D, 0x3450, 0x2C2F, 0x2BEE, 0x3470, 0x44F2, 0x3CD1, 0x4553, 0x4512, 0x1145, 0x08C3,
  0x08E3, 0x08C3, 0x08C3, 0x08C3, 0x08A3, 0x08A3, 0x08A3, 0x0882, 0x0882, 0x0882, 0x0882, 0x0862,
  0x0862, 0x0862, 0x0862, 0x0862, 0x0862, 0x0862, 0x0862, 0x0862, 0x0862, 0x0862, 0x0862, 0x0862,
  0x0862, 0x0862, 0x0862, 0x0862, 0x0862, 0x0862, 0x0862, 0x0862, 0x0862, 0x0862, 0x0862, 0x0862,
  0x0862, 0x0862, 0x0862, 0x0862, 0x0862, 0x0862, 0x0862, 0x0862, 0x0862, 0x0862, 0x0862, 0x0862,
  0x0862, 0x0862, 0x0862, 0x0862, 0x0862, 0x0882, 0x0882, 0x0882, 0x0882, 0x0882, 0x08A3, 0x08A3,
  0x08A3, 0x08C3, 0x08C3, 0x08C3, 0x08E3, 0x00A2, 0x2A09, 0x7D38, 0x7517, 0x7D17, 0x8558, 0x8578,
  0x95B9, 0x8D57, 0x1986, 0x00A2, 0x1124, 0x1124, 0x1124, 0x1124, 0x08E3, 0x1145, 0x5BB0, 0x8DB9,
  0x8DB9, 0x7D58, 0x8578, 0x7D78, 0x44F2, 0x3D12, 0x4553, 0x3C0F, 0x19E7, 0x08E3, 0x0924, 0x1144,
  0x0924, 0x0924, 0x0924, 0x0924, 0x08E3, 0x0904, 0x1A49, 0x2BEE, 0x2C2F, 0x2BEF, 0x3CD1, 0x4512,
  0x4532, 0x1A07, 0x08A2, 0x08E3, 0x08C3, 0x08C3, 0x08C3, 0x08A3, 0x08A3, 0x08A3, 0x0882, 0x0882,
  0x0882, 0x0882, 0x0882, 0x0862, 0x0862, 0x0862, 0x0862, 0x0862, 0x0862, 0x0862, 0x0862, 0x0862,
  0x0862, 0x0862, 0x0862, 0x0862, 0x0862, 0x0862, 0x0862, 0x0862, 0x0862, 0x0862, 0x0862, 0x0862,
  0x0862, 0x0862, 0x0862, 0x0862, 0x0862, 0x0862, 0x0862, 0x0862, 0x0862, 0x0862, 0x0862, 0x0862,
  0x0862, 0x0862, 0x0862, 0x0862, 0x0862, 0x0862, 0x0862, 0x0862, 0x0862, 0x0862, 0x0882, 0x0882,
  0x0882, 0x0882, 0x0882, 0x08A3, 0x08A3, 0x08A3, 0x08C3, 0x08C3, 0x08C3, 0x08E3, 0x0082, 0x3A8B,
  0x8599, 0x7D37, 0x7D37, 0x7D17, 0x74F7, 0x7517, 0x4B2E, 0x08E3, 0x0904, 0x1124, 0x0904, 0x08E3,
  0x326A, 0x74F6, 0x8DBA, 0x8578, 0x8558, 0x8558, 0x7D58, 0x7D57, 0x4533, 0x3CB1, 0x22AA, 0x0904,
  0x0904, 0x1124, 0x0924, 0x0924, 0x0924, 0x0904, 0x0924, 0x0924, 0x0904, 0x0904, 0x08C3, 0x1125,
  0x22CB, 0x2C0F, 0x3CF2, 0x4553, 0x2249, 0x0882, 0x08E3, 0x08C3, 0x08C3, 0x08C3, 0x08A3, 0x08A3,
  0x08A3, 0x0882, 0x0882, 0x0882, 0x0882, 0x0882, 0x0862, 0x0862, 0x0862, 0x0862, 0x0862, 0x0862,
  0x0862, 0x0862, 0x0862, 0x0862, 0x0862, 0x0862, 0x0862, 0x0862, 0x0862, 0x0862, 0x0862, 0x0862,
  0x0862, 0x0862, 0x0862, 0x0862, 0x0862, 0x0862, 0x0862, 0x0862, 0x0862, 0x0862, 0x0862, 0x0862,
  0x0862, 0x0862, 0x0862, 0x0862, 0x0862, 0x0862, 0x0862, 0x0862, 0x0862, 0x0862, 0x0862, 0x0862,
  0x0862, 0x0862, 0x0862, 0x0882, 0x0882, 0x0882, 0x0882, 0x0882, 0x08A3, 0x08A3, 0x08A3, 0x08A3,
  0x08C3, 0x08C3, 0x08E3, 0x0082, 0x42EC, 0x8DB9, 0x7D58, 0x8558, 0x7D58, 0x7D37, 0x7D58, 0x53B1,
  0x1104, 0x00A2, 0x1966, 0x5BF1, 0x8578, 0x7D58, 0x7D17, 0x7D37, 0x8558, 0x8537, 0x8D99, 0x8578,
  0x334C, 0x1145, 0x08C3, 0x0924, 0x1124, 0x0904, 0x0904, 0x0904, 0x0904, 0x0924, 0x08E4, 0x08C3,
  0x0904, 0x0904, 0x0904, 0x08E3, 0x08C3, 0x1186, 0x33EE, 0x2289, 0x0882, 0x08E3, 0x08C3, 0x08C3,
  0x08A3, 0x08A3, 0x08A3, 0x08A3, 0x0882, 0x0882, 0x0882, 0x0882, 0x0882, 0x0862, 0x0862, 0x0862,
  0x0862, 0x0862, 0x0862, 0x0862, 0x0862, 0x0862, 0x0862, 0x0862, 0x0862, 0x0862, 0x0862, 0x0862,
  0x0862, 0x0862, 0x0862, 0x0862, 0x0862, 0x0862, 0x0862, 0x0862, 0x0862, 0x0862, 0x0862, 0x0862,
  0x0862, 0x0862, 0x0862, 0x0862, 0x0862, 0x0862, 0x0862, 0x0862, 0x0862, 0x0862, 0x0862, 0x0862,
  0x0862, 0x0862, 0x0862, 0x0862, 0x0862, 0x0862, 0x0862, 0x0862, 0x0882, 0x0882, 0x0882, 0x0882,
  0x0882, 0x08A3, 0x08A3, 0x08A3, 0x08A3, 0x08C3, 0x08C3, 0x08E3, 0x0082, 0x42ED, 0x8DB9, 0x7D58,
  0x7D58, 0x7D58, 0x7D37, 0x8599, 0x6C53, 0x42EC, 0x8D78, 0x9E1A, 0x8D99, 0x8DB9, 0x95B9, 0x95B9,
  0x9DFA, 0xAE9C, 0x8D56, 0x2A29, 0x08C3, 0x0904, 0x1124, 0x0904, 0x0904, 0x0904, 0x0904, 0x0904,
  0x0904, 0x08A3, 0x1986, 0x2249, 0x08A3, 0x08C3, 0x0904, 0x08E4, 0x08E4, 0x08C3, 0x08A3, 0x08A3,
  0x08C3, 0x08C3, 0x08C3, 0x08A3, 0x08A3, 0x08A3, 0x08A3, 0x0882, 0x0882, 0x0882, 0x0882, 0x0882,
  0x0862, 0x0862, 0x0862, 0x0862, 0x0862, 0x0862, 0x0862, 0x0862, 0x0862, 0x0862, 0x0862, 0x0862,
  0x0862, 0x0862, 0x0862, 0x0862, 0x0862, 0x0862, 0x0862, 0x0862, 0x0862, 0x0862, 0x0862, 0x0862,
  0x0862, 0x0862, 0x0862, 0x0862, 0x0862, 0x0862, 0x0862, 0x0862, 0x0862, 0x0862, 0x0862, 0x0862,
  0x0862, 0x0862, 0x0862, 0x0862, 0x0862, 0x0862, 0x0862, 0x0862, 0x0862, 0x0862, 0x0862, 0x0862,
  0x0862, 0x0882, 0x0882, 0x0882, 0x0882, 0x0882, 0x08A3, 0x08A3, 0x08A3, 0x08A3, 0x08C3, 0x08C3,
  0x08C3, 0x0082, 0x42CC, 0x8599, 0x8558, 0x7D58, 0x8558, 0x8558, 0x8578, 0x8579, 0x95D9, 0xA63A,
  0xAE5B, 0xAE3B, 0xA61A, 0xAE7C, 0xA61A, 0x5B8F, 0x0904, 0x00C3, 0x0924, 0x0904, 0x0904, 0x0904,
  0x0904, 0x0904, 0x0904, 0x08E4, 0x08A3, 0x2208, 0x44D1, 0x4D94, 0x3C0E, 0x1986, 0x0882, 0x08C3,
  0x08E3, 0x08E3, 0x08C3, 0x08C3, 0x08C3, 0x08C3, 0x08A3, 0x08A3, 0x08A3, 0x08A3, 0x0882, 0x0882,
  0x0882, 0x0882, 0x0882, 0x0862, 0x0862, 0x0862, 0x0862, 0x0862, 0x0862, 0x0862, 0x0862, 0x0862,
  0x0862, 0x0862, 0x0862, 0x0862, 0x0862, 0x0862, 0x0862, 0x0862, 0x0862, 0x0862, 0x0862, 0x0862,
  0x0862, 0x0862, 0x0862, 0x0862, 0x0862, 0x0862, 0x0862, 0x0862, 0x0862, 0x0862, 0x0862, 0x0862,
  0x0862, 0x0862, 0x0862, 0x0862, 0x0862, 0x0862, 0x0862, 0x0862, 0x0862, 0x0862, 0x0862, 0x0862,
  0x0862, 0x0862, 0x0862, 0x0862, 0x0862, 0x0862, 0x0882, 0x0882, 0x0882, 0x0882, 0x0882, 0x08A3,
  0x08A3, 0x08A3, 0x08A3, 0x08C3, 0x08C3, 0x08C3, 0x0061, 0x3A8B, 0x8599, 0x8578, 0x7D58, 0x7D58,
  0x7D37, 0x7D37, 0x7517, 0x8578, 0xA63A, 0xAE5B, 0xB6BC, 0x7CD4, 0x21A7, 0x0082, 0x08E4, 0x1104,
  0x0904, 0x0904, 0x0904, 0x08E4, 0x0904, 0x0904, 0x08A3, 0x1104, 0x334C, 0x4D53, 0x4D53, 0x4533,
  0x4DB5, 0x4D74, 0x334C, 0x1124, 0x08C3, 0x08C3, 0x08C3, 0x08C3, 0x08C3, 0x08A3, 0x08A3, 0x08A3,
  0x08A3, 0x0882, 0x0882, 0x0882, 0x0882, 0x0882, 0x0862, 0x0862, 0x0862, 0x0862, 0x0862, 0x0862,
  0x0862, 0x0862, 0x0862, 0x0862, 0x0862, 0x0862, 0x0862, 0x0862, 0x0862, 0x0862, 0x0862, 0x0862,
  0x0862, 0x0862, 0x0862, 0x0862, 0x0862, 0x0862, 0x0862, 0x0862, 0x0862, 0x0862, 0x0862, 0x0862,
  0x0862, 0x0862, 0x0862, 0x0862, 0x0862, 0x0862, 0x0862, 0x0862, 0x0862, 0x0862, 0x0862, 0x0862,
  0x0862, 0x0862, 0x0862, 0x0862, 0x0862, 0x0862, 0x0862, 0x0862, 0x0862, 0x0862, 0x0862, 0x0882,
  0x0882, 0x0882, 0x0882, 0x0882, 0x08A2, 0x08A3, 0x08A3, 0x08A3, 0x08A3, 0x08C3, 0x08C3, 0x0061,
  0x2A09, 0x7D57, 0x8578, 0x7D37, 0x7D57, 0x7D58, 0x7D58, 0x7D37, 0x7D57, 0x95DA, 0x4B0C, 0x0081,
  0x08E3, 0x1104, 0x08E4, 0x08E4, 0x08E4, 0x08E4, 0x08E4, 0x0904, 0x08E3, 0x08A2, 0x2207, 0x4CF2,
  0x4DB5, 0x4512, 0x3CB1, 0x3CB1, 0x3C70, 0x34B1, 0x3CD1, 0x19C7, 0x08A2, 0x08C3, 0x08C3, 0x08A3,
  0x08A3, 0x08A3, 0x08A3, 0x08A2, 0x0882, 0x0882, 0x0882, 0x0882, 0x0882, 0x0862, 0x0862, 0x0862,
  0x0862, 0x0862, 0x0862, 0x0862, 0x0862, 0x0862, 0x0862, 0x0862, 0x0862, 0x0862, 0x0862, 0x0862,
  0x0862, 0x0862, 0x0862, 0x0862, 0x0862, 0x0862, 0x0862, 0x0862, 0x0862, 0x0862, 0x0862, 0x0862,
  0x0862, 0x0862, 0x0862, 0x0862, 0x0862, 0x0862, 0x0862, 0x0862, 0x0862, 0x0862, 0x0862, 0x0862,
  0x0862, 0x0862, 0x0862, 0x0862, 0x0862, 0x0862, 0x0862, 0x0862, 0x0862, 0x0862, 0x0862, 0x0862,
  0x0862, 0x0862, 0x0862, 0x0862, 0x0882, 0x0882, 0x0882, 0x0882, 0x0882, 0x0882, 0x08A3, 0x08A3,
  0x08A3, 0x08A3, 0x08A3, 0x08C3, 0x0062, 0x1986, 0x74D5, 0x8599, 0x7D37, 0x7D57, 0x7D58, 0x7D57,
  0x7D37, 0x7D37, 0x6412, 0x2186, 0x0082, 0x08E3, 0x0904, 0x08E3, 0x08E3, 0x08E4, 0x08E4, 0x08A2,
  0x1104, 0x228A, 0x3470, 0x3470, 0x2BEE, 0x2BCE, 0x23AD, 0x238D, 0x23AE, 0x234C, 0x1125, 0x0882,
  0x08C3, 0x08A3, 0x08A3, 0x08A3, 0x08A3, 0x08A3, 0x0882, 0x0882, 0x0882, 0x0882, 0x0882, 0x0882,
  0x0862, 0x0862, 0x0862, 0x0862, 0x0862, 0x0862, 0x0862, 0x0862, 0x0862, 0x0862, 0x0862, 0x0862,
  0x0862, 0x0862, 0x0862, 0x0862, 0x0862, 0x0862, 0x0862, 0x0862, 0x0862, 0x0862, 0x0862, 0x0862,
  0x0862, 0x0862, 0x0862, 0x0862, 0x0862, 0x0862, 0x0862, 0x0862, 0x0862, 0x0862, 0x0862, 0x0862,
  0x0862, 0x0862, 0x0862, 0x0862, 0x0862, 0x0862, 0x0862, 0x0862, 0x0862, 0x0862, 0x0862, 0x0862,
  0x0862, 0x0862, 0x0862, 0x0862, 0x0862, 0x0862, 0x0862, 0x0862, 0x0862, 0x0862, 0x0882, 0x0882,
  0x0882, 0x0882, 0x0882, 0x08A2, 0x08A3, 0x08A3, 0x08A3, 0x08A3, 0x08C3, 0x0082, 0x10E4, 0x5C12,
  0x85B9, 0x7D57, 0x7D37, 0x7D57, 0x7D37, 0x7537, 0x8599, 0x95D9, 0x4B2D, 0x08C3, 0x0082, 0x08E3,
  0x08E3, 0x08A2, 0x08A3, 0x2249, 0x4450, 0x2C0F, 0x238D, 0x238D, 0x23AE, 0x2BCE, 0x23EE, 0x2C0F,
  0x230B, 0x08E4, 0x0882, 0x08C3, 0x08A3, 0x08A3, 0x08A3, 0x08A3, 0x08A2, 0x0882, 0x0882, 0x0882,
  0x0882, 0x0882, 0x0862, 0x0862, 0x0862, 0x0862, 0x0862, 0x0862, 0x0862, 0x0862, 0x0862, 0x0862,
  0x0862, 0x0862, 0x0862, 0x0862, 0x0862, 0x0862, 0x0862, 0x0862, 0x0862, 0x0862, 0x0862, 0x0862,
  0x0862, 0x0862, 0x0862, 0x0862, 0x0862, 0x0862, 0x0862, 0x0862, 0x0862, 0x0862, 0x0862, 0x0862,
  0x0862, 0x0862, 0x0862, 0x0862, 0x0862, 0x0862, 0x0862, 0x0862, 0x0862, 0x0862, 0x0862, 0x0862,
  0x0862, 0x0862, 0x0862, 0x0862, 0x0862, 0x0862, 0x0862, 0x0862, 0x0862, 0x0862, 0x0862, 0x0862,
  0x0862, 0x0862, 0x0862, 0x0882, 0x0882, 0x0882, 0x0882, 0x0882, 0x0882, 0x08A2, 0x08A3, 0x08A3,
  0x08A3, 0x08C3, 0x08A2, 0x0082, 0x42ED, 0x8578, 0x8578, 0x7537, 0x7D37, 0x7D37, 0x7517, 0x8DB9,
  0xAE7C, 0x8516, 0x3A6A, 0x08A3, 0x08A2, 0x19C7, 0x3C0F, 0x55D6, 0x3491, 0x238D, 0x2BCE, 0x2BCE,
  0x23AD, 0x2BCE, 0x2C0F, 0x1A69, 0x08A3, 0x08A3, 0x08C3, 0x08A3, 0x08A3, 0x08A3, 0x08A2, 0x0882,
  0x0882, 0x0882, 0x0882, 0x0882, 0x0882, 0x0862, 0x0862, 0x0862, 0x0862, 0x0862, 0x0862, 0x0862,
  0x0862, 0x0862, 0x0862, 0x0862, 0x0862, 0x0862, 0x0862, 0x0862, 0x0862, 0x0862, 0x0862, 0x0862,
  0x0862, 0x0862, 0x0862, 0x0862, 0x0862, 0x0862, 0x0862, 0x0862, 0x0862, 0x0862, 0x0862, 0x0862,
  0x0862, 0x0862, 0x0862, 0x0862, 0x0862, 0x0862, 0x0862, 0x0862, 0x0862, 0x0862, 0x0862, 0x0862,
  0x0862, 0x0862, 0x0862, 0x0862, 0x0862, 0x0862, 0x0862, 0x0862, 0x0862, 0x0862, 0x0862, 0x0862,
  0x0862, 0x0862, 0x0862, 0x0862, 0x0862, 0x0862, 0x0862, 0x0862, 0x0882, 0x0882, 0x0882, 0x0882,
  0x0882, 0x0882, 0x0882, 0x08A2, 0x08A3, 0x08A3, 0x08A3, 0x08A3, 0x0061, 0x21A7, 0x6C94, 0x85B9,
  0x7D58, 0x7D37, 0x7D58, 0x7D37, 0x95B9, 0x9E3B, 0x9E3B, 0x7CB4, 0x4430, 0x4D54, 0x4D94, 0x44D2,
  0x2BCE, 0x2BEE, 0x2BCE, 0x2BCE, 0x2C0F, 0x236D, 0x1186, 0x0862, 0x08A3, 0x08A3, 0x08A3, 0x08A3,
  0x08A2, 0x0882, 0x0882, 0x0882, 0x0882, 0x0882, 0x0882, 0x0882, 0x0862, 0x0862, 0x0862, 0x0862,
  0x0862, 0x0862, 0x0862, 0x0862, 0x0862, 0x0862, 0x0862, 0x0862, 0x0862, 0x0862, 0x0862, 0x0862,
  0x0862, 0x0862, 0x0862, 0x0862, 0x0862, 0x0862, 0x0862, 0x0862, 0x0862, 0x0862, 0x0862, 0x0862,
  0x0862, 0x0862, 0x0862, 0x0862, 0x0862, 0x0862, 0x0862, 0x0862, 0x0862, 0x0862, 0x0862, 0x0862,
  0x0862, 0x0862, 0x0862, 0x0862, 0x0862, 0x0862, 0x0862, 0x0862, 0x0862, 0x0862, 0x0862, 0x0862,
  0x0862, 0x0862, 0x0862, 0x0862, 0x0862, 0x0862, 0x0862, 0x0862, 0x0862, 0x0862, 0x0862, 0x0862,
  0x0862, 0x0862, 0x0882, 0x0882, 0x0882, 0x0882, 0x0882, 0x0882, 0x0882, 0x0882, 0x08A3, 0x08A3,
  0x08C3, 0x0062, 0x08A3, 0x4B2E, 0x8D78, 0x8DB9, 0x7D37, 0x7D37, 0x7D58, 0x95D9, 0x95D9, 0x9E3A,
  0x5595, 0x4D34, 0x4513, 0x2BAE, 0x23AE, 0x2BCE, 0x2C0F, 0x2C0F, 0x22AA, 0x08C3, 0x0862, 0x08A3,
  0x08A3, 0x08A3, 0x0882, 0x0882, 0x0882, 0x0882, 0x0882, 0x0882, 0x0882, 0x0882, 0x0862, 0x0862,
  0x0862, 0x0862, 0x0862, 0x0862, 0x0862, 0x0862, 0x0862, 0x0862, 0x0862, 0x0862, 0x0862, 0x0862,
  0x0862, 0x0862, 0x0862, 0x0862, 0x0862, 0x0862, 0x0862, 0x0862, 0x0862, 0x0862, 0x0862, 0x0862,
  0x0862, 0x0862, 0x0862, 0x0862, 0x0862, 0x0862, 0x0862, 0x0862, 0x0862, 0x0862, 0x0862, 0x0862,
  0x0862, 0x0862, 0x0862, 0x0862, 0x0862, 0x0862, 0x0862, 0x0862, 0x0862, 0x0862, 0x0862, 0x0862,
  0x0862, 0x0862, 0x0862, 0x0862, 0x0862, 0x0862, 0x0862, 0x0862, 0x0862, 0x0862, 0x0862, 0x0862,
  0x0862, 0x0862, 0x0862, 0x0862, 0x0862, 0x0862, 0x0862, 0x0862, 0x0882, 0x0882, 0x0882, 0x0882,
  0x0882, 0x0882, 0x0882, 0x0882, 0x0882, 0x08A3, 0x08A2, 0x0041, 0x2187, 0x6C53, 0x8DB9, 0x7D78,
  0x7517, 0x8598, 0x9E1A, 0x95F9, 0x5554, 0x4D54, 0x3450, 0x236D, 0x2BCE, 0x2C0F, 0x2B6D, 0x1186,
  0x0862, 0x0882, 0x08A3, 0x0882, 0x0882, 0x0882, 0x0882, 0x0882, 0x0882, 0x0882, 0x0882, 0x0882,
  0x0862, 0x0862, 0x0862, 0x0862, 0x0862, 0x0862, 0x0862, 0x0862, 0x0862, 0x0862, 0x0862, 0x0862,
  0x0862, 0x0862, 0x0862, 0x0862, 0x0862, 0x0862, 0x0862, 0x0862, 0x0862, 0x0862, 0x0862, 0x0862,
  0x0862, 0x0862, 0x0862, 0x0862, 0x0862, 0x0862, 0x0862, 0x0862, 0x0862, 0x0862, 0x0862, 0x0862,
  0x0862, 0x0862, 0x0862, 0x0862, 0x0862, 0x0862, 0x0862, 0x0862, 0x0862, 0x0862, 0x0862, 0x0862,
  0x0862, 0x0862, 0x0862, 0x0862, 0x0862, 0x0862, 0x0862, 0x0862, 0x0862, 0x0862, 0x0862, 0x0862,
  0x0862, 0x0862, 0x0862, 0x0862, 0x0862, 0x0862, 0x0862, 0x0862, 0x0862, 0x0862, 0x0862, 0x0862,
  0x0862, 0x0862, 0x0882, 0x0882, 0x0882, 0x0882, 0x0882, 0x0882, 0x0882, 0x0882, 0x0882, 0x08A3,
  0x0062, 0x0062, 0x324A, 0x74B5, 0x85B9, 0x7D58, 0x9DD9, 0x9DF9, 0x5554, 0x44F2, 0x23AE, 0x2BEE,
  0x2BAD, 0x1A08, 0x08A3, 0x0862, 0x08A3, 0x0882, 0x0882, 0x0882, 0x0882, 0x0882, 0x0882, 0x0882,
  0x0882, 0x0882, 0x0862, 0x0862, 0x0862, 0x0862, 0x0862, 0x0862, 0x0862, 0x0862, 0x0862, 0x0862,
  0x0862, 0x0862, 0x0862, 0x0862, 0x0862, 0x0862, 0x0862, 0x0862, 0x0862, 0x0862, 0x0862, 0x0862,
  0x0862, 0x0862, 0x0862, 0x0862, 0x0862, 0x0862, 0x0862, 0x0862, 0x0862, 0x0862, 0x0862, 0x0862,
  0x0862, 0x0862, 0x0862, 0x0862, 0x0862, 0x0862, 0x0862, 0x0862, 0x0862, 0x0862, 0x0862, 0x0862,
  0x0862, 0x0862, 0x0862, 0x0862, 0x0862, 0x0862, 0x0862, 0x0862, 0x0862, 0x0862, 0x0862, 0x0862,
  0x0862, 0x0862, 0x0862, 0x0862, 0x0862, 0x0862, 0x0862, 0x0862, 0x0862, 0x0862, 0x0862, 0x0862,
  0x0862, 0x0862, 0x0862, 0x0862, 0x0862, 0x0862, 0x0862, 0x0862, 0x0882, 0x0882, 0x0882, 0x0882,
  0x0882, 0x0882, 0x0882, 0x0882, 0x08A3, 0x0882, 0x0041, 0x08A3, 0x4AED, 0x8537, 0x8DDA, 0x95FA,
  0x4D34, 0x3470, 0x2BEE, 0x2289, 0x08C3, 0x0842, 0x0882, 0x08A2, 0x0882, 0x0882, 0x0882, 0x0882,
  0x0882, 0x0882, 0x0882, 0x0882, 0x0862, 0x0862, 0x0862, 0x0862, 0x0862, 0x0862, 0x0862, 0x0862,
  0x0862, 0x0862, 0x0862, 0x0862, 0x0862, 0x0862, 0x0862, 0x0862, 0x0862, 0x0862, 0x0862, 0x0862,
  0x0862, 0x0862, 0x0862, 0x0862, 0x0862, 0x0862, 0x0862, 0x0862, 0x0862, 0x0862, 0x0862, 0x0862,
  0x0862, 0x0862, 0x0862, 0x0862, 0x0862, 0x0862, 0x0862, 0x0862, 0x0862, 0x0862, 0x0862, 0x0862,
  0x0862, 0x0862, 0x0862, 0x0862, 0x0862, 0x0862, 0x0862, 0x0862, 0x0862, 0x0862, 0x0862, 0x0862,
  0x0862, 0x0862, 0x0862, 0x0862, 0x0862, 0x0862, 0x0862, 0x0862, 0x0862, 0x0862, 0x0862, 0x0862,
  0x0862, 0x0862, 0x0862, 0x0862, 0x0862, 0x0862, 0x0862, 0x0862, 0x0862, 0x0862, 0x0862, 0x0862,
  0x0862, 0x0862, 0x0862, 0x0882, 0x0882, 0x0882, 0x0882, 0x0882, 0x0882, 0x0882, 0x08A3, 0x0882,
  0x0021, 0x1104, 0x4B0E, 0x8578, 0x4491, 0x1A69, 0x1124, 0x0841, 0x0882, 0x08A2, 0x0882, 0x0882,
  0x0882, 0x0882, 0x0882, 0x0882, 0x0882, 0x0862, 0x0862, 0x0862, 0x0862, 0x0862, 0x0862, 0x0862,
  0x0862, 0x0862, 0x0862, 0x0862, 0x0862, 0x0862, 0x0862, 0x0862, 0x0862, 0x0862, 0x0862, 0x0862,
  0x0862, 0x0862, 0x0862, 0x0862, 0x0862, 0x0862, 0x0862, 0x0862, 0x0862, 0x0862, 0x0862, 0x0862,
  0x0862, 0x0862, 0x0862, 0x0862, 0x0862, 0x0862, 0x0862, 0x0862, 0x0862, 0x0862, 0x0862, 0x0862,
  0x0862, 0x0862, 0x0862, 0x0862, 0x0862, 0x0862, 0x0862, 0x0862, 0x0862, 0x0862, 0x0862, 0x0862,
  0x0862, 0x0862, 0x0862, 0x0862, 0x0862, 0x0862, 0x0862, 0x0862, 0x0862, 0x0862, 0x0862, 0x0862,
  0x0862, 0x0862, 0x0862, 0x0862, 0x0862, 0x0862, 0x0862, 0x0862, 0x0862, 0x0862, 0x0862, 0x0862,
  0x0862, 0x0862, 0x0862, 0x0862, 0x0862, 0x0862, 0x0862, 0x0862, 0x0862, 0x0862, 0x0862, 0x0882,
  0x0882, 0x0882, 0x0882, 0x0882, 0x0882, 0x0062, 0x0021, 0x1925, 0x1104, 0x0041, 0x0862, 0x0882,
  0x0882, 0x0882, 0x0882, 0x0882, 0x0882, 0x0862, 0x0862, 0x0862, 0x0862, 0x0862, 0x0862, 0x0862,
  0x0862, 0x0862, 0x0862, 0x0862, 0x0862, 0x0862, 0x0862, 0x0862, 0x0862, 0x0862, 0x0862, 0x0862,
  0x0862, 0x0862, 0x0862, 0x0862, 0x0862, 0x0862, 0x0862, 0x0862, 0x0862, 0x0862, 0x0862, 0x0862,
  0x0862, 0x0862, 0x0862, 0x0862, 0x0862, 0x0862, 0x0862, 0x0862, 0x0862, 0x0862, 0x0862, 0x0862,
  0x0862, 0x0862, 0x0862, 0x0862, 0x0862, 0x0862, 0x0862, 0x0862, 0x0862, 0x0862, 0x0862, 0x0862,
  0x0862, 0x0862, 0x0862, 0x0862, 0x0862, 0x0862, 0x0862, 0x0862, 0x0862, 0x0862, 0x0862, 0x0862,
  0x0862, 0x0862, 0x0862, 0x0862, 0x0862, 0x0862, 0x0862, 0x0862, 0x0862, 0x0862, 0x0862, 0x0862,
  0x0862, 0x0862, 0x0862, 0x0862, 0x0862, 0x0862, 0x0862, 0x0862, 0x0862, 0x0862, 0x0862, 0x0862,
  0x0862, 0x0862, 0x0862, 0x0862, 0x0862, 0x0862, 0x0862, 0x0862, 0x0862, 0x0882, 0x0882, 0x0041,
  0x0062, 0x0882, 0x0882, 0x0862, 0x0862, 0x0862, 0x0862, 0x0862, 0x0862, 0x0862, 0x0862, 0x0862,
  0x0862, 0x0862, 0x0862, 0x0862, 0x0862, 0x0862, 0x0862, 0x0862, 0x0862, 0x0862, 0x0862, 0x0862,
  0x0862, 0x0862, 0x0862, 0x0862, 0x0862, 0x0862, 0x0862, 0x0862, 0x0862, 0x0862, 0x0862, 0x0862,
  0x0862, 0x0862, 0x0862, 0x0862, 0x0862, 0x0862, 0x0862, 0x0862, 0x0862, 0x0862, 0x0862, 0x0862,
  0x0862, 0x0862, 0x0862, 0x0862, 0x0862, 0x0862, 0x0862, 0x0862, 0x0862, 0x0862, 0x0862, 0x0862,
  0x0862, 0x0862, 0x0862, 0x0862, 0x0862, 0x0862, 0x0862, 0x0862, 0x0862, 0x0862, 0x0862, 0x0862,
  0x0862, 0x0862, 0x0862, 0x0862, 0x0862, 0x0862, 0x0862, 0x0862, 0x0862, 0x0862, 0x0862, 0x0862,
  0x0862, 0x0862, 0x0862, 0x0862, 0x0862, 0x0862, 0x0862, 0x0862, 0x0862, 0x0862, 0x0862, 0x0862,
  0x0862, 0x0862, 0x0862, 0x0862, 0x0862, 0x0862, 0x0862, 0x0862, 0x0862, 0x0862, 0x0862, 0x0862,
  0x0862, 0x0862, 0x0862, 0x0862, 0x0862, 0x0862, 0x0862, 0x0862, 0x0862, 0x0862, 0x0862, 0x0862,
  0x0862, 0x0862, 0x0862, 0x0862, 0x0862, 0x0862, 0x0862, 0x0862, 0x0862, 0x0862, 0x0862, 0x0862,
  0x0862, 0x0862, 0x0862, 0x0862, 0x0862, 0x0862, 0x0862, 0x0862, 0x0862, 0x0862, 0x0862, 0x0862,
  0x0862, 0x0862, 0x0862, 0x0862, 0x0862, 0x0862, 0x0862, 0x0862, 0x0862, 0x0862, 0x0862, 0x0862,
  0x0862, 0x0862, 0x0862, 0x0862, 0x0862, 0x0862, 0x0862, 0x0862, 0x0862, 0x0862, 0x0862, 0x0862,
  0x0862, 0x0862, 0x0862, 0x0862, 0x0862, 0x0862, 0x0862, 0x0862, 0x0862, 0x0862, 0x0862, 0x0862,
  0x0862, 0x0862, 0x0862, 0x0862, 0x0862, 0x0862, 0x0862, 0x0862, 0x0862, 0x0862, 0x0862, 0x0862,
  0x0862, 0x0862, 0x0862, 0x0862, 0x0862, 0x0862, 0x0862, 0x0862, 0x0862, 0x0862, 0x0862, 0x0862,
  0x0862, 0x0862, 0x0862, 0x0862, 0x0862, 0x0862, 0x0862, 0x0862, 0x0862, 0x0862, 0x0862, 0x0862,
  0x0862, 0x0862, 0x0862, 0x0862, 0x0862, 0x0862, 0x0862, 0x0862, 0x0862, 0x0862, 0x0862, 0x0862,
  0x0862, 0x0862, 0x0862, 0x0862, 0x0862, 0x0862, 0x0862, 0x0862, 0x0862, 0x0862, 0x0862, 0x0862,
  0x0862, 0x0862, 0x0862, 0x0862, 0x0862, 0x0862, 0x0862, 0x0862, 0x0862, 0x0862, 0x0862, 0x0862,
  0x0862, 0x0862, 0x0862, 0x0862, 0x0862, 0x0862, 0x0862, 0x0862, 0x0862, 0x0862, 0x0862, 0x0862,
  0x0862, 0x0862, 0x0862, 0x0862, 0x0862, 0x0862, 0x0862, 0x0862, 0x0862, 0x0862, 0x0862, 0x0862,
  0x0862, 0x0862, 0x0862, 0x0862, 0x0862, 0x0862, 0x0862, 0x0862, 0x0862, 0x0862, 0x0862, 0x0862,
  0x0862, 0x0862, 0x0862, 0x0862, 0x0862, 0x0862, 0x0862, 0x0862, 0x0862, 0x0862, 0x0862, 0x0862,
  0x0862, 0x0862, 0x0862, 0x0862, 0x0862, 0x0862, 0x0862, 0x0862, 0x0862, 0x0862, 0x0862, 0x0862,
  0x0862, 0x0862, 0x0862, 0x0862, 0x0862, 0x0862, 0x0862, 0x0862, 0x0862, 0x0862, 0x0862, 0x0862,
  0x0862, 0x0862, 0x0862, 0x0862, 0x0862, 0x0862, 0x0862, 0x0862, 0x0862, 0x0862, 0x0862, 0x0862,
  0x0862, 0x0862, 0x0862, 0x0862, 0x0862, 0x0862, 0x0862, 0x0862, 0x0862, 0x0862, 0x0862, 0x0862,
  0x0862, 0x0862, 0x0862, 0x0862, 0x0862, 0x0862, 0x0862, 0x0862, 0x0862, 0x0862, 0x0862, 0x0862,
  0x0862, 0x0862, 0x0862, 0x0862, 0x0862, 0x0862, 0x0862, 0x0862, 0x0862, 0x0862, 0x0862, 0x0862,
  0x0862, 0x0862, 0x0862, 0x0862, 0x0862, 0x0862, 0x0862, 0x0862, 0x0862, 0x0862, 0x0862, 0x0862,
  0x0862, 0x0862, 0x0862, 0x0862, 0x0862, 0x0862, 0x0862, 0x0862, 0x0862, 0x0862, 0x0862, 0x0862,
  0x0862, 0x0862, 0x0862, 0x0862, 0x0862, 0x0862, 0x0862, 0x0862, 0x0862, 0x0862, 0x0862, 0x0862,
  0x0862, 0x0862, 0x0862, 0x0862, 0x0862, 0x0862, 0x0862, 0x0862, 0x0862, 0x0862, 0x0862, 0x0862,
  0x0862, 0x0862, 0x0862, 0x0862, 0x0862, 0x0862, 0x0862, 0x0862, 0x0862, 0x0862, 0x0862, 0x0862,
  0x0862, 0x0862, 0x0862, 0x0862, 0x0862, 0x0862, 0x0862, 0x0862, 0x0862, 0x0862, 0x0862, 0x0862,
  0x0862, 0x0862, 0x0862, 0x0862, 0x0862, 0x0862, 0x0862, 0x0862, 0x0862, 0x0862, 0x0862, 0x0862,
  0x0862, 0x0862, 0x0862, 0x0862, 0x0862, 0x0862, 0x0862, 0x0862, 0x0862, 0x0862, 0x0862, 0x0862,
  0x0862, 0x0862, 0x0862, 0x0862, 0x0862, 0x0862, 0x0862, 0x0862, 0x0862, 0x0862, 0x0862, 0x0862,
  0x0862, 0x0862, 0x0862, 0x0862, 0x0862, 0x0862, 0x0862, 0x0862, 0x0862, 0x0862, 0x0862, 0x0862,
  0x0862, 0x0862, 0x0862, 0x0862, 0x0862, 0x0862, 0x0862, 0x0862, 0x0862, 0x0862, 0x0862, 0x0862,
  0x0862, 0x0862, 0x0862, 0x0862, 0x0862, 0x0862, 0x0862, 0x0862, 0x0862, 0x0862, 0x0862, 0x0862,
  0x0862, 0x0862, 0x0862, 0x0862, 0x0862, 0x0862, 0x0862, 0x0862, 0x0862, 0x0862, 0x0862, 0x0862,
  0x0862, 0x0862, 0x0862, 0x0862, 0x0862, 0x0862, 0x0862, 0x0862, 0x0862, 0x0862, 0x0862, 0x0862,
  0x0862, 0x0862, 0x0862, 0x0862, 0x0862, 0x0862, 0x0862, 0x0862, 0x0862, 0x0862, 0x0862, 0x0862,
  0x0862, 0x0862, 0x0862, 0x0862, 0x0862, 0x0862, 0x0862, 0x0862, 0x0862, 0x0862, 0x0862, 0x0862,
  0x0862, 0x0862, 0x0862, 0x0862, 0x0862, 0x0862, 0x0862, 0x0862, 0x0862, 0x0862, 0x0862, 0x0862,
  0x0862, 0x0862, 0x0862, 0x0862, 0x0862, 0x0862, 0x0862, 0x0862, 0x0862, 0x0862, 0x0862, 0x0862,
  0x0862, 0x0862, 0x0862, 0x0862, 0x0862, 0x0862, 0x0862, 0x0862, 0x0862, 0x0862, 0x0862, 0x0862,
  0x0862, 0x0862, 0x0862, 0x0862, 0x0862, 0x0862, 0x0862, 0x0862, 0x0862, 0x0862, 0x0862, 0x0862,
  0x0862, 0x0862, 0x0862, 0x0862, 0x0862, 0x0862, 0x0862, 0x0862, 0x0862, 0x0862, 0x0862, 0x0862,
  0x0862, 0x0862, 0x0862, 0x0862, 0x0862, 0x0862, 0x0862, 0x0862, 0x0862, 0x0862, 0x0862, 0x0862,
  0x0862, 0x0862, 0x0862, 0x0862, 0x0862, 0x0862, 0x0862, 0x0862, 0x0862, 0x0862, 0x0862, 0x0862,
  0x0862, 0x0862, 0x0862, 0x0862, 0x0862, 0x0862, 0x0862, 0x0862, 0x0862, 0x0862, 0x0862, 0x0862,
  0x0862, 0x0862, 0x0862, 0x0862, 0x0862, 0x0862, 0x0862, 0x0862, 0x0862, 0x0862, 0x0862, 0x0862,
  0x0862, 0x0862, 0x0862, 0x0862, 0x0862, 0x0862, 0x0862, 0x0862, 0x0862, 0x0862, 0x0862, 0x0862,
  0x0862, 0x0862, 0x0862, 0x0862, 0x0862, 0x0862, 0x0862, 0x0862, 0x0862, 0x0862, 0x0862, 0x0862,
  0x0862, 0x0862, 0x0862, 0x0862, 0x0862, 0x0862, 0x0862, 0x0862, 0x0862, 0x0862, 0x0862, 0x0862,
  0x0862, 0x0862, 0x0862, 0x0862, 0x0862, 0x0862, 0x0862, 0x0862, 0x0862, 0x0862, 0x0862, 0x0862,
  0x0862, 0x0862, 0x0862, 0x0862, 0x0862, 0x0862, 0x0862, 0x0862, 0x0862, 0x0862, 0x0862, 0x0862,
  0x0862, 0x0862, 0x0862, 0x0862, 0x0862, 0x0862, 0x0862, 0x0862, 0x0862, 0x0862, 0x0862, 0x0862,
  0x0862, 0x0862, 0x0862, 0x0862, 0x0862, 0x0862, 0x0862, 0x0862, 0x0862, 0x0862, 0x0862, 0x0862,
  0x0862, 0x0862, 0x0862, 0x0862, 0x0862, 0x0862, 0x0862, 0x0862, 0x0862, 0x0862, 0x0862, 0x0862,
  0x0862, 0x0862, 0x0862, 0x0862, 0x0862, 0x0862, 0x0862, 0x0862, 0x0862, 0x0862, 0x0862, 0x0862,
  0x0862, 0x0862, 0x0862, 0x0862, 0x0862, 0x0862, 0x0862, 0x0862, 0x0862, 0x0862, 0x0862, 0x0862,
  0x0862, 0x0862, 0x0862, 0x0862, 0x0862, 0x0862, 0x0862, 0x0862, 0x0862, 0x0862, 0x0862, 0x0862,
  0x0862, 0x0862, 0x0862, 0x0862, 0x0862, 0x0862, 0x0862, 0x0862, 0x0862, 0x0862, 0x0862, 0x0862,
  0x0862, 0x0862, 0x0862, 0x0862, 0x0862, 0x0862, 0x0862, 0x0862, 0x0862, 0x0862, 0x0862, 0x0862,
  0x0862, 0x0862, 0x0862, 0x0862, 0x0862, 0x0862, 0x0862, 0x0862, 0x0862, 0x0862, 0x0862, 0x0862,
  0x0862, 0x0862, 0x0862, 0x0862, 0x0862, 0x0862, 0x0862, 0x0862, 0x0862, 0x0862, 0x0862, 0x0862,
  0x0862, 0x0862, 0x0862, 0x0862, 0x0862, 0x0862, 0x0862, 0x0862, 0x0862, 0x0862, 0x0862, 0x0862,
  0x0862, 0x0862, 0x0862, 0x0862, 0x0862, 0x0862, 0x0862, 0x0862, 0x0862, 0x0862, 0x0862, 0x0862,
  0x0862, 0x0862, 0x0862, 0x0862, 0x0862, 0x0862, 0x0862, 0x0862, 0x0862, 0x0862, 0x0862, 0x0862,
  0x0862, 0x0862, 0x0862, 0x0862, 0x0862, 0x0862, 0x0862, 0x0862, 0x0862, 0x0862, 0x0862, 0x0862,
  0x0862, 0x0862, 0x0862, 0x0862, 0x0862, 0x0862, 0x0862, 0x0862, 0x0862, 0x0862, 0x0862, 0x0862,
  0x0862, 0x0862, 0x0862, 0x0862, 0x0862, 0x0862, 0x0862, 0x0862, 0x0862, 0x0862, 0x0862, 0x0862,
  0x0862, 0x0862, 0x0862, 0x0862, 0x0862, 0x0862, 0x0862, 0x0862, 0x0862, 0x0862, 0x0862, 0x0862,
  0x0862, 0x0862, 0x0862, 0x0862, 0x0862, 0x0862, 0x0862, 0x0862, 0x0862, 0x0862, 0x0862, 0x0862,
  0x0862, 0x0862, 0x0862, 0x0862, 0x0862, 0x0862, 0x0862, 0x0862, 0x0862, 0x0862, 0x0862, 0x0862,
  0x0862, 0x0862, 0x0862, 0x0862, 0x0862, 0x0862, 0x0862, 0x0862, 0x0862, 0x0862, 0x0862, 0x0862,
  0x0862, 0x0862, 0x0862, 0x0862, 0x0862, 0x0862, 0x0862, 0x0862, 0x0862, 0x0862, 0x0862, 0x0862,
  0x0862, 0x0862, 0x0862, 0x0862, 0x0862, 0x0862, 0x0862, 0x0862, 0x0862, 0x0862, 0x0862, 0x0862,
  0x0862, 0x0862, 0x0862, 0x0862, 0x0862, 0x0862, 0x0862, 0x0862, 0x0862, 0x0862, 0x0862, 0x0862,
  0x0862, 0x0862, 0x0862, 0x0862, 0x0862, 0x0862, 0x0862, 0x0862, 0x0862, 0x0862, 0x0862, 0x0862,
  0x0862, 0x0862, 0x0862, 0x0862, 0x0862, 0x0862, 0x0862, 0x0862, 0x0862, 0x0862, 0x0862, 0x0862,
  0x0862, 0x0862, 0x0862, 0x0862, 0x0862, 0x0862, 0x0862, 0x0862, 0x0862, 0x0862, 0x0862, 0x0862,
  0x0862, 0x0862, 0x0862, 0x0862, 0x0862, 0x0862, 0x0862, 0x0862, 0x0862, 0x0862, 0x0862, 0x0862,
  0x0862, 0x0862, 0x0862, 0x0862, 0x0862, 0x0862, 0x0862, 0x0862, 0x0862, 0x0862, 0x0862, 0x0862,
  0x0862, 0x0862, 0x0862, 0x0862, 0x0862, 0x0862, 0x0862, 0x0862, 0x0862, 0x0862, 0x0862, 0x0862,
  0x0862, 0x0862, 0x0862, 0x0862, 0x0862, 0x0862, 0x0862, 0x0862, 0x0862, 0x0862, 0x0862, 0x0862,
  0x0862, 0x0862, 0x0862, 0x0862, 0x0862, 0x0862, 0x0862, 0x0862, 0x0862, 0x0862, 0x0862, 0x0862,
  0x0862, 0x0862, 0x0862, 0x0862, 0x0862, 0x0862, 0x0862, 0x0862, 0x0862, 0x0862, 0x0862, 0x0862,
  0x0862, 0x0862, 0x0862, 0x0862, 0x0862, 0x0862, 0x0862, 0x0862, 0x0862, 0x0862, 0x0862, 0x0862,
  0x0862, 0x0862, 0x0862, 0x0862, 0x0862, 0x0862, 0x0862, 0x0862, 0x0862, 0x0862, 0x0862, 0x0862,
  0x0862, 0x0862, 0x0862, 0x0862, 0x0862, 0x0862, 0x0862, 0x0862, 0x0862, 0x0862, 0x0862, 0x0862,
  0x0862, 0x0862, 0x0862, 0x0862, 0x0862, 0x0862, 0x0862, 0x0862, 0x0862, 0x0862, 0x0862, 0x0862,
  0x0862, 0x0862, 0x0862, 0x0862, 0x0862, 0x0862, 0x0862, 0x0862, 0x0862, 0x0862, 0x0862, 0x0862,
  0x0862, 0x0862, 0x0862, 0x0862, 0x0862, 0x0862, 0x0862, 0x0862, 0x0862, 0x0862, 0x0862, 0x0862,
  0x0862, 0x0862, 0x0862, 0x0862, 0x0862, 0x0862, 0x0862, 0x0862, 0x0862, 0x0862, 0x0862, 0x0862,
  0x0862, 0x0862, 0x0862, 0x0862, 0x0862, 0x0862, 0x0862, 0x0862, 0x0862, 0x0862, 0x0862, 0x0862,
  0x0862, 0x0862, 0x0862, 0x0862, 0x0862, 0x0862, 0x0862, 0x0862, 0x0862, 0x0862, 0x0862, 0x0862,
  0x0862, 0x0862, 0x0862, 0x0862, 0x0862, 0x0862, 0x0862, 0x0862, 0x0862, 0x0862, 0x0862, 0x0862,
  0x0862, 0x0862, 0x0862, 0x0862, 0x0862, 0x0862, 0x0862, 0x0862, 0x0862, 0x0862, 0x0862, 0x0862,
  0x0862, 0x0862, 0x0862, 0x0862, 0x0862, 0x0862, 0x0862, 0x0862, 0x0862, 0x0862, 0x0862, 0x0862,
  0x0862, 0x0862, 0x0862, 0x0862, 0x0862, 0x0862, 0x0862, 0x0862, 0x0862, 0x0862, 0x0862, 0x0862,
  0x0862, 0x0862, 0x0862, 0x0862, 0x0862, 0x0862, 0x0862, 0x0862, 0x0862, 0x0862, 0x0862, 0x0862,
  0x0862, 0x0862, 0x0862, 0x0862, 0x0862, 0x0862, 0x0862, 0x0862, 0x0862, 0x0862, 0x0862, 0x0862,
  0x0862, 0x0862, 0x0862, 0x0862, 0x0862, 0x0862, 0x0862, 0x0862, 0x0862, 0x0862, 0x0862, 0x0862,
  0x0862, 0x0862, 0x0862, 0x0862, 0x0862, 0x0862, 0x0862, 0x0862, 0x0862, 0x0862, 0x0862, 0x0862,
  0x0862, 0x0862, 0x0862, 0x0862, 0x0862, 0x0862, 0x0862, 0x0862, 0x0862, 0x0862, 0x0862, 0x0862,
  0x0862, 0x0862, 0x0862, 0x0862, 0x0862, 0x0862, 0x0862, 0x0862, 0x0862, 0x0862, 0x0862, 0x0862,
  0x0862, 0x0862, 0x0862, 0x0862, 0x0862, 0x0862, 0x0862, 0x0862, 0x0862, 0x0862, 0x0862, 0x0862,
  0x0862, 0x0862, 0x0862, 0x0862, 0x0862, 0x0862, 0x0862, 0x0862, 0x0862, 0x0862, 0x0862, 0x0862,
  0x0862, 0x0862, 0x0862, 0x0862, 0x0862, 0x0862, 0x0862, 0x0862, 0x0862, 0x0862, 0x0862, 0x0862,
  0x0862, 0x0862, 0x0862, 0x0862, 0x0862, 0x0862, 0x0862, 0x0862, 0x0862, 0x0862, 0x0862, 0x0862,
  0x0862, 0x0862, 0x0862, 0x0862, 0x0862, 0x0862, 0x0862, 0x0862, 0x0862, 0x0862, 0x0862, 0x0862,
  0x0862, 0x0862, 0x0862, 0x0862, 0x0862, 0x0862, 0x0862, 0x0862, 0x0862, 0x0862, 0x0862, 0x0862,
  0x0862, 0x0862, 0x0862, 0x0862, 0x0862, 0x0862, 0x0862, 0x0862, 0x0862, 0x0862, 0x0862, 0x0862,
  0x0862, 0x0862, 0x0862, 0x0862, 0x0862, 0x0862, 0x0862, 0x0862, 0x0862, 0x0862, 0x0862, 0x0862,
  0x0862, 0x0862, 0x0862, 0x0862, 0x0862, 0x0862, 0x0862, 0x0862, 0x0862, 0x0862, 0x0862, 0x0862,
  0x0862, 0x0862, 0x0862, 0x0862, 0x0862, 0x0862, 0x0862, 0x0862, 0x0862, 0x0862, 0x0862, 0x0862,
  0x0862, 0x0862, 0x0862, 0x0862, 0x0862, 0x0862, 0x0862, 0x0862, 0x0862, 0x0862, 0x0862, 0x0862,
  0x0862, 0x0862, 0x0862, 0x0862, 0x0862, 0x0862, 0x0862, 0x0862, 0x0862, 0x0862, 0x0862, 0x0862,
  0x0862, 0x0862, 0x0862, 0x0862, 0x0862, 0x0862, 0x0862, 0x0862, 0x0862, 0x0862, 0x0862, 0x0862,
  0x0862, 0x0862, 0x0862, 0x0862, 0x0862, 0x0862, 0x0862, 0x0862, 0x0862, 0x0862, 0x0862, 0x0862,
  0x0862, 0x0862, 0x0862, 0x0862, 0x0862, 0x0862, 0x0862, 0x0862, 0x0862, 0x0862, 0x0862, 0x0862,
  0x0862, 0x0862, 0x0862, 0x0862, 0x0862, 0x0862, 0x0862, 0x0862, 0x0862, 0x0862, 0x0862, 0x0862,
  0x0862, 0x0862, 0x0862, 0x0862, 0x0862, 0x0862, 0x0862, 0x0862, 0x0862, 0x0862, 0x0862, 0x0862,
  0x0862, 0x0862, 0x0862, 0x0862, 0x0862, 0x0862, 0x0862, 0x0862, 0x0862, 0x0862, 0x0862, 0x0862,
  0x0862, 0x0862, 0x0862, 0x0862, 0x0862, 0x0862, 0x0862, 0x0862, 0x0862, 0x0862, 0x0862, 0x0862,
  0x0862, 0x0862, 0x0862, 0x0862, 0x0862, 0x0862, 0x0862, 0x0862, 0x0862, 0x0862, 0x0862, 0x0862,
  0x0862, 0x0862, 0x0862, 0x0862, 0x0862, 0x0862, 0x0862, 0x0862, 0x0862, 0x0862, 0x0862, 0x0862,
  0x0862, 0x0862, 0x0862, 0x0862, 0x0862, 0x0862, 0x0862, 0x0862, 0x0862, 0x0862, 0x0862, 0x0862,
  0x0862, 0x0862, 0x0862, 0x0862, 0x0862, 0x0862, 0x0862, 0x0862, 0x0862, 0x0862, 0x0862, 0x0862,
  0x0862, 0x0862, 0x0862, 0x0862,
};
